Бързи и яростни 7	5.0	http://www.cinexio.com/sofia/movie/21608	null	null
0
Пяната на дните	62.	http://www.cinexio.com/sofia/movie/9426	http://www.imdb.com/title/tt2027140/	6.5
0
Светлите дни предстоят	86.	http://www.cinexio.com/sofia/movie/9149	http://www.imdb.com/title/tt2379318/	6.2
2
Фани Ардан е ВЕЛИКА!!!	5.0
Много приятен филм!Ардан е великолепна.	4.0
Кутия за храна	39.	http://www.cinexio.com/sofia/movie/11833	http://www.imdb.com/title/tt2350496/	7.8
4
super	5.0
Страхотен!!	5.0
Сблъсък с различна култура, поденесена леко и приятно... като кутия с прекрасна храна, която не е била предназначена за теб.	4.5
Страхотен и много свеж филм!!	4.5
Филомена	92.	http://www.cinexio.com/sofia/movie/9155	http://www.imdb.com/title/tt2431286/	7.7
3
Много добър. Джуди Денч прекрасна.	5.0
Чудесен филм. Позорните тайни на католическата църква не трябва да остават скрити.	5.0
Силна игра на Денч!	4.0
360	21.	http://www.cinexio.com/sofia/movie/1897	http://www.imdb.com/title/tt1680045/	6.2
2
Очаквах повече!	4.0
Много добро филмче. Всички играят супер. Фабулата е интересна.	4.0
Истинският Сен Лоран	43.	http://www.cinexio.com/sofia/movie/12005	http://www.imdb.com/title/tt2707858/	6.2
5
Истински, красив и тежък	5.0
Филмът акцентира на определен период от живота му, като отрязък, без начало, без край.1вата версия ми допадна повече	4.5
Трябва да се гледа. Впечатляваща музика и емоция във филма за личността на гениалния Ив Сен Лоран.	5.0
Великолепен филм, изпълнен с емоция! Невероятните актьорска игра, режисура и музика го правят незабравим!!	5.0
удобрен	5.0
7 дни в Хавана	43.	http://www.cinexio.com/sofia/movie/1378	http://www.imdb.com/title/tt1797348/	6.0
2
страхотен филм. препоръчвам	5.0
Нищо особено...	2.5
Великата красота	91.	http://www.cinexio.com/sofia/movie/11999	http://www.imdb.com/title/tt2358891/	7.7
9
Страхотен! Филм който не бих могъл да разкажа.	5.0
Скучен и отегчаващ филм!!!	3.0
Великолепен! Филм, който не подхранва нуждата от развлечение. Създава чувство, а то винаги ще те връща в този миг.	5.0
Много хубав :)	5.0
Красота изградена от картини и звук	5.0
Много ми хареса!  Различен от всичко  което съм гледал. Красив филм с много хубава музика...	5.0
Странно хубав филм.	5.0
Прелестен филм!!!	5.0
Прекалено е хубав, за да се гледа само веднъж!	5.0
Бързи и яростни 6	4.	http://www.cinexio.com/sofia/movie/2188	http://www.imdb.com/title/tt1905041/	7.2
4
Филма е супер. Единствено последната сцена е "малко" пресилена.	4.5
Определено си заслужава !	5.0
Който е фен на поредицата ще оцени филма, но на места са прекалили със специалните ефекти.	5.0
Като се изключат сърцераздирателните диалози, филма е супер.	4.0
Лешояда	3.9	http://www.cinexio.com/sofia/movie/20878	http://www.imdb.com/title/tt2872718/	8.0
14
Потресаващо як!	5.0
Очаквах повече...  разочароващо...	2.0
Един от малкото интересни филми в последно време!	5.0
Колко можеш да паднеш? Тоя пич прави страшна роля.	4.0
Kakvi bezkupolni bez chustveni hora ima, filma e unikalen, obache trqbva vtora chast takiva hora ne zaslujavat happy end	5.0
Глупав и безмислен	1.0
Страшно безсмислен филм!!! Не правете като мен грешката да го гледате!	1.0
Много хубав ,но и показва какви може да сме ...	5.0
По-добре за вкъщи	4.0
Втрещяващо вярна картина на медийния бизнес. Преглед на  трансформация на човек под натиска на жаждата за кариера и пари. Гледайте!	4.5
Филм, който показва колко подли можем да бъдем в стремежа си за успех!	5.0
Много добър филм и перфектен Джейк Гиленхал!	5.0
Хубав филм... Заслужава си...	4.0
Opredeleno si zaslujava.	5.0
Принцесата на Монако	10.	http://www.cinexio.com/sofia/movie/14940	http://www.imdb.com/title/tt2095649/	5.6
27
Лентата така и не решава какво всъщност ще представи: биографична история, любовна интрига или пък политически трилър.	4.0
Филмът надмина всичките ми очаквания за блудкава историйка, беше много смислен и реалистично представен.	5.0
Уникален!	5.0
Супер филм с много слаб финал	4.0
Много красив филм, много ми хареса. Гледайте го!	5.0
Въпреки лошата оценка в IMDB, филмът е добър, макар и исторически неточен.	4.0
много красив и интересен филм, определено ми хареса	5.0
5	5.0
velikolepen film za ceniteli i osuznati hora..	5.0
Принцеса Грейс изиграва най - великата си роля не на сцената, а в реалния живот и с женската си интуиция променя хода на събитията!	5.0
Прекрасен филм	5.0
Прекрасен филм!	5.0
Страхотен филм :)	5.0
привлича вниманието,	5.0
Много хубав филм! Никол Кидман е на висота както винаги :)	5.0
Великолепна игра! Никол Кидман е повече от прекрасна!!! Чудесен филм!!! Много вдъхновяващ!!! :)	5.0
Страхотен филм! Никол Кидман показа невероятна актьорска класа, дано ролята и донесе Оскар, подобно на персонажа й!	5.0
Филма е много хубав,принцесата е представена много добре.Никол Кидман прави блестяща роля! :)	4.0
Филмът беше прекрасен. Не е "unreal".. Все пак е художествен филм, а не биографичен. Гледайте го!	5.0
Никол Кидмън е просто невероятна, тази роля би могла да бъде само нейна :)	4.0
Много хубав филм. Никол Кидмън в цялото си достолепие	5.0
филмът е страхотен!добър актьорски състав!Никол  К. е много добра	5.0
Страхотен филм (:	4.5
Too unreal.	2.0
Много истински филм, малко разнообразие от фантастиките напоследък.	5.0
Хубав фимл, но очаквах повече.	4.5
Очаквах повече от историята на Грейс...	4.0
На един черпак разстояние	68.	http://www.cinexio.com/sofia/movie/19285	http://www.imdb.com/title/tt2980648/	7.3
59
Velikov	5.0
Адски приятен филм!	4.5
Невероятен! Must-see movie! Особено за любителите на филми за насладата от храната!	5.0
Приятен,лежерен и много позитивен филм!препоръчвам	4.5
Приятно филмче. Една съвременна приказка, излязла от клишетата.	3.0
Филм, който ще Ви накара да забравите всичко негативно!!!	5.0
Най-добрия филм от години. Богат и изпълнен с красота и емоции. Пак ще го гледам!!!	5.0
Невероятен филм! Заслужава си!	5.0
Истинска наслада за очите и ушите!!! Отнася те далече от изнервеното ежедневие!!! Горещо препоръчвам на всеки!!	5.0
Много приятно филмче. Оставя приятно усещане след себе си :)	4.0
Супер замисъл и изпълнения! Браво! !!	5.0
Наистина прекрасен филм! Гледайте го задължително!	5.0
Много сърдечен и приятен филм за любовта и семейната топлина! Препоръчвам госъс сигурност!	5.0
Хареса ми. Препоръчвам го.	5.0
Трогателен филм!	5.0
Супер !! ♥♥	5.0
Страхотен филм	5.0
Да се пропусне би било загуба.	5.0
Много човешки и прекрасен! Препоръчвам горещо:)	5.0
Много хубаво филмче ^^	5.0
Страхотен филм,чудесен избор на актьори...излизаш от кинозалата с положителен заряд...бих го гледала отново...	5.0
Страхотен филм :)	5.0
много добър филм!!! пак ще го гледам :) :) :)	5.0
Отдавна не бях гледала филм който истински да ми хареса... Препоръчвам!	5.0
страхотен! :)	5.0
Очарователен филм! Горещо го препоръчвам!	5.0
Много хубав филм!!	5.0
Много приятно и неангажиращо филмче. Имайте предвид, обаче, че не е "комедия" в заливащият се от смях смисъл.	5.0
Невероятен филм за душата :) Горещо препоръчвам!	5.0
Пленителен, романтичен, вълнуващ ... филм, който разплаква и усмихва ..	5.0
Много хубав филм, не се колебайте.	5.0
Шедьовър! Във филма умело са комбинирани романтика, комедия и драма, а действието е плавно и пленяващо. Препоръчвам го.	5.0
Доста разтоварващо филмче, заслужава си да се види. Приятен хумор и красиви актьори.	4.0
Много забавна комедия	5.0
Свежарско филмче. Заслужава си да се гледа.	5.0
Много приятен филм!	4.5
Прекрасен филм! Романтичен и вълнуващ	5.0
Много хубав филм! Има смях, има романтизъм, страхотен пейзаж! Разказва за това, как мечтите могат да се сбъднат	5.0
Невероятен филм! Устроумен, забавен и много истински! Силно препоръчвам :)	5.0
Едно истинско кулинарно пътешествие, придружено с много смях, хумор и, разбира се любов. Много ми допадна - препоръчвам го!	5.0
Много зареждащо филмче.	4.0
Филмът е уникален! Зареден с кулинарен привкус изпълнен с позитивна енергия, уютна атмосфера и весело настроение. Препоръчвам го! :)	5.0
Страхотен филм:-)	5.0
Много ми хареса чувството за хумор във филма. Зареди ме с положителни емоции. :)	5.0
Prekrasen film	5.0
Супер!	5.0
Супер беше.	5.0
Топъл и весел филм - прекрасна комбинация между френската и индийската душевност (и кухня)! Феновете на Джули и Джулия ще го оценят.	5.0
Страхотен!Препоръчвам за всички ценители на храната :)	5.0
Можеше още малко да се постараят актьорите , особено Хасан !	3.0
Уникален филм!!!	5.0
Много Приятен :)	5.0
Супер! Не исках да свършва!	5.0
superb and funny and smart	5.0
Nice :)	5.0
Прекрасен филм!	5.0
Чудно, направено с много мисъл и щипка Индия.	5.0
Невероятен !Разплака ни и ни разсмя :)За хора със сърце и душа...	5.0
Много приятен, позитивен и развлекателен филм :-)	5.0
100-годишният мъж, който се спусна от прозореца и изчезна	63.	http://www.cinexio.com/sofia/movie/18190	http://www.imdb.com/title/tt2113681/	7.1
0
Левиатан	39.	http://www.cinexio.com/sofia/movie/8538	http://www.imdb.com/title/tt2332522/	6.5
1
Жесток филм!!! Истински !!!	5.0
Снежната кралица	39.	http://www.cinexio.com/sofia/movie/21479	http://www.imdb.com/title/tt2243621/	5.2
0
Водачът	0.0	http://www.cinexio.com/sofia/movie/23607	http://www.imdb.com/title/tt2398231/	6.6
0
Имало едно време в Анадола	0.0	http://www.cinexio.com/sofia/movie/322	null	null
0
Чуй	0.0	http://www.cinexio.com/sofia/movie/21198	null	null
0
Преброяване на дивите зайци	0.0	http://www.cinexio.com/sofia/movie/1031	http://www.imdb.com/title/tt0177138/	6.7
0
Казанова вариации	0.0	http://www.cinexio.com/sofia/movie/21139	http://www.imdb.com/title/tt2614400/	6.6
0
Анкета	0.0	http://www.cinexio.com/sofia/movie/12078	http://www.imdb.com/title/tt0344842/	2.9
0
Чудесата	0.0	http://www.cinexio.com/sofia/movie/23609	http://www.imdb.com/title/tt3044244/	6.8
0
Смърт няма	0.0	http://www.cinexio.com/sofia/movie/12075	null	null
0
Тяло	0.0	http://www.cinexio.com/sofia/movie/23611	http://www.imdb.com/title/tt4358230/	7.0
0
Музиката на Истанбул	86.	http://www.cinexio.com/sofia/movie/7587	http://www.imdb.com/title/tt0459242/	7.8
0
1001 Грама	0.0	http://www.cinexio.com/sofia/movie/24320	http://www.imdb.com/title/tt3346824/	6.7
0
Феникс	0.0	http://www.cinexio.com/sofia/movie/23617	http://www.imdb.com/title/tt2764784/	7.5
0
За короната и страната	0.0	http://www.cinexio.com/sofia/movie/23613	http://www.imdb.com/title/tt2392810/	6.8
0
Зимен сън	0.0	http://www.cinexio.com/sofia/movie/23621	http://www.imdb.com/title/tt2758880/	8.5
0
Географът изпи глобуса	39.	http://www.cinexio.com/sofia/movie/11807	http://www.imdb.com/title/tt3155604/	7.6
0
Солта на земята	0.0	http://www.cinexio.com/sofia/movie/23625	http://www.imdb.com/title/tt3674140/	8.2
0
Диви истории	0.0	http://www.cinexio.com/sofia/movie/23622	http://www.imdb.com/title/tt3011894/	8.2
0
Човешкият капитал	0.0	http://www.cinexio.com/sofia/movie/21149	http://www.imdb.com/title/tt2465578/	7.4
0
Обичаме те, негоднико	4.0	http://www.cinexio.com/sofia/movie/23619	http://www.imdb.com/title/tt2557952/	5.5
0
Крадецът на праскови	96.	http://www.cinexio.com/sofia/movie/382	http://www.imdb.com/title/tt0058277/	8.0
1
Вечна българска класика!	4.5
Раната	4.0	http://www.cinexio.com/sofia/movie/23624	http://www.imdb.com/title/tt2245171/	6.0
0
Какво става с полюса	5.0	http://www.cinexio.com/sofia/movie/2695	null	null
0
Хектор и търсенето на щастието	63.	http://www.cinexio.com/sofia/movie/21147	http://www.imdb.com/title/tt1626146/	6.9
0
Смърт на човек от Балканите	5.0	http://www.cinexio.com/sofia/movie/1059	http://www.imdb.com/title/tt2113768/	7.5
1
Страхотно описание на всички злочести, но индивидуални и силни страни и слабости на балканския нрав	5.0
Свърталище на духове	4.3	http://www.cinexio.com/sofia/movie/2697	null	null
0
А защо да не живеем заедно?	67.	http://www.cinexio.com/sofia/movie/321	http://www.imdb.com/title/tt1674057/	6.7
0
20 000 дни на Земята	0.0	http://www.cinexio.com/sofia/movie/23935	http://www.imdb.com/title/tt2920540/	7.5
0
Уикенд по френски	39.	http://www.cinexio.com/sofia/movie/21146	http://www.imdb.com/title/tt2392326/	6.4
1
Много приятен и забавен филм за отношенията между хората.	4.0
Леки момичета	41.	http://www.cinexio.com/sofia/movie/353	http://www.imdb.com/title/tt1549589/	5.7
0
Срещи на сляпо	5.0	http://www.cinexio.com/sofia/movie/12281	http://www.imdb.com/title/tt3118664/	6.8
0
Невидимата жена	4.0	http://www.cinexio.com/sofia/movie/21142	http://www.imdb.com/title/tt1700845/	6.2
0
Госпожица Юлия	5.0	http://www.cinexio.com/sofia/movie/21135	http://www.imdb.com/title/tt2667960/	6.1
0
Френска приказка	64.	http://www.cinexio.com/sofia/movie/19766	http://www.imdb.com/title/tt2241691/	6.0
1
Красив и мъдър филм! Удоволствие от европейското кино.	5.0
Ангелският дял	88.	http://www.cinexio.com/sofia/movie/1072	http://www.imdb.com/title/tt1924394/	7.0
1
Mnogo dobyr	5.0
Хиляда пъти лека нощ	41.	http://www.cinexio.com/sofia/movie/11940	http://www.imdb.com/title/tt2353767/	7.2
1
Много добър и впечатляващ филм.	3.5
Дама, поп, асо, шпионин	4.9	http://www.cinexio.com/sofia/movie/2372	http://www.imdb.com/title/tt0080297/	8.7
1
Определено си заслужава.	5.0
В къщата	64.	http://www.cinexio.com/sofia/movie/1149	http://www.imdb.com/title/tt1964624/	7.4
3
Доста странен и на моменти интересен, но определено имах по-големи очаквания	4.0
Прекрасен филм и като идея и като реализация!	5.0
Интригуващ е, добър представител на европейското кино, но малко странен. Ако очаквате романтика ще останете разочаровани...	4.0
Любов	64.	http://www.cinexio.com/sofia/movie/1001	http://www.imdb.com/title/tt1602620/	7.8
1
Шедьовър!	5.0
Китайски пъзел	4.5	http://www.cinexio.com/sofia/movie/21117	http://www.imdb.com/title/tt1937118/	7.0
0
Серена	3.9	http://www.cinexio.com/sofia/movie/21548	http://www.imdb.com/title/tt1247690/	5.5
1
Няма толкова тъп филм.	1.0
Магия в полунощ	51.	http://www.cinexio.com/sofia/movie/20482	http://www.imdb.com/title/tt2870756/	6.6
18
Ала Уди Алън, ала не и най-доброто от него, което не пречи усмивката да не слиза от лицето ти.	3.5
Страхотна игра на ема и колин. Излязох с усмивка от киното.	5.0
Много смислен и приятен за гледане филм, точно в стила на Уди Алън.	4.5
става...	3.0
Филм-УДИ АЛЪН! За ценители. Много ми хареса. Страхотно леко и неангажиращо филмче. Препоръчвам!	5.0
Весело филмче. Става за разпускане.	5.0
Сладък филм :)	4.0
Сипер филмче. Бях зaбрaвих, че за да е добър филма не е нужно да е 150 мин. и да има 3 тона спец. ефекти.	5.0
Доста приятно филмче :)	5.0
Още един интересен и забавен филм на Уди Алън!Прекрасна актьорска игра :)	4.5
Много приятно филмче :) действието се развива с изключителна лекота - типично в стила на Уди Алан.	4.0
Изключително сладък и ненатоварващ филм, удмихвах се през цялото време. Изцяло в стил Уди ;)	5.0
Доста блудкав! Не си заслужава гледането	3.0
Wonderful Woody Allen, no disappointments	5.0
Ако го дават по ТВ ще сменя канала.	2.0
Зашеметителен филм!!!!	5.0
Много приятен филм! Нищо изненадващо от Уди Алън, но все пак беше удоволствие да го гледам. Препоръчвам и на вас.	4.5
супер филм,но финала малко слаб!!като цяло си струва	5.0
Съдилището	4.5	http://www.cinexio.com/sofia/movie/18189	null	null
20
Много добър филм!!	4.0
Страхотен филм! Трябва да се гледа!	5.0
Страхотен филм, мн добра игра на Блатечки.Само краят не ме изкефи - сякаш са бързали да го приключат. Иначе филм, направен с мн усет!	4.5
Много добър филм със сериозни послания!	5.0
Най-накрая нещо качествено и истинско!	5.0
Страхотна роля на Блатечки! Филма е интересен и добре направен.	4.0
Много добре представена история!	5.0
Много силен и тежък филм.трябва да се гледа.добра игра.	5.0
По-добър е от повечето холивудски продукции напоследък.	5.0
Слаб сценарий, мнооого драма,след 20-та минута знаеш финала..	1.0
Страхотен филм! Браво!	5.0
Добър е!	5.0
Добра драма. Препоръчвам.	5.0
Много добър филм!	5.0
Велик филф	5.0
Страхотен филм.Тежък и драматичен.	5.0
Много е добър! :)	5.0
Препоръчвам филма! Много добро изпълнение на Асен Блатечки.	4.0
Жестока игра на всички актьори. Филмът е тежък и много хубав.	5.0
На фона на останалите български не много успешни съвременни филми, този е доста сполучлив.	4.0
Овцата Шон	3.1	http://www.cinexio.com/sofia/movie/21550	http://www.imdb.com/title/tt2872750/	7.6
2
9	4.0
скучен	1.0
Моето приключение в дивото	4.4	http://www.cinexio.com/sofia/movie/20127	http://www.imdb.com/title/tt2305051/	7.2
1
Много приятен	4.0
Астерикс: Имението на боговете	4.3	http://www.cinexio.com/sofia/movie/21549	http://www.imdb.com/title/tt3759416/	7.0
5
Супер забавно	5.0
Забавно филмче, като всички от поредицата.	5.0
Токов удър.	3.0
става	3.0
Много забавно и свежо!	5.0
Пингвините от Мадагаскар	4.3	http://www.cinexio.com/sofia/movie/17772	http://www.imdb.com/title/tt1911658/	6.8
80
Golqma zabava.	5.0
Велика анимация!!!!!!! :))))))	5.0
Страхотно забавно детско !	5.0
Жесток!!!	5.0
супер смешен и забавен	5.0
Много свеж !!!	5.0
Анимацията е лудница.	5.0
Става, но сериалът е пъти по-хубав	3.0
Адски забавен филм! Страхотен е и за възрастни, и за деца.	5.0
По-слаб и по-детски е от сериите с пингвините и филмите мадагаскар... жалко	3.0
Заслужава си !	5.0
Свежо филмче, смях се доволно!	4.0
Забавен и развлекателен, такъв, какъвто се очаква да бъде!Гледайте	5.0
Очаквах повече, но става!	4.0
Свеж и забавен филм с шантав сюжет :) Смяхме се много в киното.	4.0
Забавен филм, за малки и големи.	5.0
Става филмчето. Смешките са като за по-големи ми се струва.	4.0
Филма е само за деца,не си заслужава да го гледат и татковците.	3.0
Доста слаб дори за кофти анимация, честно казано. Изтъркана история, плосък хумор и слаби превод и дублаж.	2.0
Много готино детско филмче. Заведете децата си непременно	4.5
Много добър!	5.0
Голям смях. Детето много го хареса, а и ние с баща й не скучахме :) .	5.0
Супер	5.0
Филмът е супер!	5.0
Забавно детско филмче	5.0
Супер готин и забавен филм.  Много свеж и приятен.  Не го пропускайте.	5.0
Забавно филмче ;)	4.0
Много сладко и разтоварващо филмче, препоръчвам на малки и големи!:))	5.0
Очaквaх достa повече от филмa, зaбaвните моменти всъщност бяхa покaзaни в трейлърa. Остaнaх рaзочaровaнa..	3.5
Very good !	5.0
Много забавно филмче. Гледах го с голяма наслада :-) !!!!	5.0
Супер беше филма!	5.0
Хлапето много го хареса!!!	5.0
забавен :)))	4.0
много якоооо!!	5.0
Супер забавен !	4.0
страшни саа :)	5.0
Много сладко и суперзабавно филмче!! :))	5.0
Всичко смешно е в трейлъра ;( Можеше по-добре	3.0
Много забавен филм! Ако обичате анимации, ще ви допадне!	5.0
Забавен е.	4.0
Много забавен филм, комични ситуации, хареса ни :) крал Джулиан и Морт  също бяха яключени	5.0
Позабавлявах се доволно	5.0
страхотно е :) много забавен	5.0
Много забавен филм !Определено си заслужава да се гледа на кино :}	5.0
гледах филмчето.не е лошо, но не мога да кажа, че съм.супер очарован.имаше добри моменти.	4.0
Много забавен. Заслужава си!	5.0
Много свеж !!Пингвините са големи образи :)	5.0
Забавно филмче.	5.0
Отличен! :-D	5.0
Много забавен и разпускащ!	5.0
много свежо филмче с приятен хумор	4.5
Озвучаването куцаше, но лапетиите се радваха	4.0
Забавно филмче с хитроумни реплики и ситуации, но като цяло не е кой-знае-какво.	4.0
Много забавна и развлекателна анимация	5.0
Този филм беше много хубав, един от най-хубавите ми в живота.	5.0
Развлекателно и забавно филмче :)	5.0
Смях има доста	5.0
Сладко филмче :)	5.0
Много забавен филм. :)	5.0
Забавен, но предимно за деца	5.0
Тъпизъм!!!Не се подвеждайте по коментарите че е мн смешен!За възрастни абсолютно не става!Скучен до припадък	1.0
Много свеж и забавен филм.	5.0
Забавен е!	4.0
Страхотен!	5.0
Супер еееее	5.0
Сладък до припадък :)	5.0
Уникални :)	5.0
Първите 15 мин супер, останалите за само за деца!	1.0
Pyrvite 15min beshe zabaven, no sled tova na cqla kompaniq vze da ni se prispuva!	3.0
Забавен, става за малки и големи :)	5.0
Много забавно филмче	5.0
уникален !	5.0
Чудесно филмче, всички останахме доволни.	5.0
Падна смях :)	4.0
Много сладурско и забавно филмче :) препоръчвам и за деца и за възрастни - гарантирано ще се посмеете!	4.0
Уникален! Задължително да се гледа.Много смях и забава.	5.0
Анимацията на годината :)))	5.0
Би било чудесно да има повече такива филмчета! Много забавен и разтоварващ!	5.0
Много забавен, подходящ за малки и големи!	5.0
Жокерът	3.0	http://www.cinexio.com/sofia/movie/22047	http://www.imdb.com/title/tt2231253/	5.6
21
предвидим и скучен	2.0
Най-слабия филм на Джейсън	1.0
Ако има категория най - малоумен филм на годината, тоя ще избие рибата!	0.5
Който е гледал Закрилникът и го е харесал ще му хареса и тоя. Филма е супер	5.0
За пръв път не харесвам филм на Джейсън Стейтъм!	3.0
Когато Джейсън Стейтъм е Жокер, не ходете на кино!	1.0
Mnogo tuppppppp	0.0
Загубих 2 часа от живота си за това недоразумение...	2.0
Добър филм, но не е за ролята за Джейсън Стейтъм	1.0
Слаб филм, става за загуба на излишно време!	3.0
Няма екшън...	5.0
Филма не е нищо особено. Корейското кино е в пъти по добро!	2.0
Филмът е супер.	5.0
нискобюджетен филм...	3.0
Филма ми хареса.	5.0
Mnogo slab film,vsichko koeto si zaslujavashe da se vidi go ima v treilara.	1.0
Mnogo, slab..	0.5
Супер тъпотия	1.0
Много слаб!!!	1.0
ne si zaslujava za kino	1.0
Със сигурност се класира в Топ 5 на най-безумно глупавите филми.Приятно гледане!!!	0.0
NT Live: За мишките и хората	4.1	http://www.cinexio.com/sofia/movie/22575	null	null
4
Страхотни! И нека по-често ни се случват такива събития	4.0
Страхотно изживяване! Невероятна актьорска игра!	5.0
Заслужен Златен Глобус на Еди Редмейн!	4.5
Слаб сценарий,плоски образи!	1.0
Падингтън	4.5	http://www.cinexio.com/sofia/movie/19533	http://www.imdb.com/title/tt1109624/	7.5
58
много добър и забавен филм! много ни харесва ))))	5.0
Очаквах много повечее.	2.0
Сладко филмче	5.0
Супер филмче!	5.0
Apart :ent: ROMAKKO Full addres: Via dei Volsci 564, 00185 -RomeА това е имейла на жената с която разговаряхме за апартамента :ji	5.0
mnogo veselo i raztovarvashto 7/10	5.0
Приятно филмче	3.0
:D	4.0
Зaбaвно и позитивно филмче, стрaхотно зa рaзпускaне.	4.0
Забавен и разтоварващ! Напомня на "Стюарт Литъл" като усещане:)	5.0
Супер якото филмче, разтоварващо и забавно = )	5.0
mnogo e hubav I zabavet nai. liobimiqt film nie	5.0
Сладко филмче. :)	5.0
Сладурско филмче!Идеален за следобед със семейството! :)	4.5
Приятно филмче	4.0
Film za deca do 12 godini :)	2.0
Сладко филмче... :)	5.0
приятно филмче.Можеше да е малко по-забавно за децата с повече забавни ситуации..	3.0
Супер !	5.0
Приятно филмче. Препоръчвам.	4.0
супер Филмче	5.0
Зареден с позитивна енергия, приятен хумор! Заслужава си! Препоръчвам'	5.0
Много добро филмче! Заскужава си!	5.0
Много свеж и приятен	4.0
Филмчето е много приятно за гледане.	5.0
Става	4.0
Хубаво са го направили. Шестгодишната ми дъщеря много се вълнува.	4.5
Страхотен е :)	5.0
много забавно филмче!!!	5.0
Заслужава си за гледане с деца . Много приятен и забавен	5.0
Свеж и весел. Много приятен.	4.0
Много свежо фимче	5.0
Забавен е.	4.0
Много интересен и забавен филм с щастлив край !	4.5
Филмът е много смешен. Подходящ за големи и малки :) Не напразно рейтингът му в IMDB е 7.6 . Приятно гледане :)	4.5
Забавен, малко детски, но е приятен. С мома е чук. :P	4.0
Не е лош, но анонсът дава очакване за повече.	4.0
уникален	5.0
Супер якото филмче. Много е готино	5.0
#як	5.0
Страхотно филмче-:)	5.0
Много забавен и разпускащ филм с много малко, сладко мече :)	5.0
Приятно филмче, с интересни гледки от Лондон. Забавно за децата.	4.0
готин, забавен	4.5
Приятно филмче.	5.0
Много забавен !	5.0
Много забавен :)	5.0
Хубаво и неангажиращо филмче.	5.0
Сладурски е!!!	5.0
Много сладко, смешно и неангажиращо.	5.0
Изобщо не ми хареса. Не се препоръчва за лица над 12 годишна възраст!	1.5
Днес го гледах, много забавен филм.Много неангажиращ и смешен.	4.0
Страхотно филмче!!!!!	5.0
забавен	5.0
Много интересен филм!	5.0
Много разтоварващо филмче. :-)	5.0
Много приятен и забавен :)	3.5
Страхотен! Уникален! Да не се пропуска!!!	5.0
Омбре	3.7	http://www.cinexio.com/sofia/movie/22318	http://www.imdb.com/title/tt0824330/	6.8
2
мега тъп филм	1.0
Добро филмче е.	4.0
Мордекай	4.0	http://www.cinexio.com/sofia/movie/22275	http://www.imdb.com/title/tt3045616/	5.5
86
Уникален!! За ценители на английски хумор и блестяща сценография.	5.0
Еее много забавен! Гледайте!	5.0
Добри актьори сполучлив филм :)	5.0
Английски хумор! Не е за всеки! Като не разбирате нещо, не го плюйте!	5.0
...Джони е страхотен актьор, но липсата на кино-роли се отразява върху играта му. Хубав филм, който не препоръчвям на никой!	2.0
На мен много ми хареса!Суперсвеж,разтоварващ и през цялото време беше суперзабавен!Джони Деп е уникален!! :)	4.5
Не е зле, забавен е	4.5
-	1.0
nai tapia film na godinata	1.0
Искам си парите обратно!!!	1.0
много свеж	5.0
Джони Деп както винаги ГОЛЯМ.Вобще голям бъзик с Англия и Англичаните! Много забавен филм!	5.0
Забавен и оригинален! Отличен филм!	5.0
джони Деп е гениален, както винаги, но на филма му липсва малко екшън, за да разнообрази английския хумор	3.0
супер филм,много забавен и интересен.препоръчвам го!!!	5.0
Видяхме Джони в една различна за неговия репертоар роля. Филмчето беше забавно, но някак не изпитвам желание да го гледам втори път.	3.5
Нищо ангажиращо, дори има и глуповати моменти.	3.0
super qkiq film mnogo zabavren	5.0
Забавен филм.Джони Деп уникален както винаги!	4.5
Доста се посмях.  Препоръчвам!	5.0
Много забавен филм и страхотна игра на Джони!	5.0
Филма е хубав	3.5
Много безмислен филм , но има и смешни моменти.	1.0
много забавен, свеж филм с култови фрази	5.0
Има смях	5.0
Голям смях!	5.0
Мисля, че филмът е постигнал целта си. Развличащ е и са иронизирани някои от специфичните черти на характера на англичаните.	4.5
Неочаквано смешен. Става за гледане, заслужава си.	4.0
Готино филмче :)	5.0
Забавен и разтоварващ, но не е нещо особено.	3.5
Трагедия!!!	0.5
Беше ми доста смешно:-))Иначе нямаше особен смисъл.	3.0
Мех	3.0
Имаше забавни моменти,но сюжета беше плосък дори и за комедия.Ако не сте върл фен на Деп,не е за вас :)	2.0
Много забавен! Джони Деп е във върхова форма, както винаги.	5.0
не е лошо филмчето.английски хумор + добра игра на Джони Деп.Но не е нещо запомнящо се....	4.0
Весел и забавен	3.0
Не съм очарована !	2.0
Забавен	3.5
Средна работа. Към края става по- хубав!	2.5
Забавен филм. Не очаквайте повече. :)	3.5
Имаше един-два смешни момента,  сюжетът не беше нищо особено, а ролята на Деп - доста глуповата.	2.0
Uzas prosto	0.5
Супер филмче! Заслужава да се гледа, заслужава и оскар!	5.0
Хубав :)	5.0
Бозица	1.0
Забавно филмче.	4.5
Определено ми хареса.Приятен и разтоварващ.	5.0
Нищо особенно.	3.0
Много много зле	1.0
Много добро филмче. Приятно и разтварващо!	5.0
Много приятен хумор!	5.0
Филмът е лек и разтоварващ. Не търсете оскари тук!	3.0
Весело филмче!	3.0
уникален	5.0
Джони Деп е забавен, но историята е доста неубедителна. Диалози с английски хумор, но дебелашки скечове. Типичен комерс.	3.0
Много добър,определено си заслужава...нещо различно е и типично добре изиграно от Джони Деп!	5.0
На мен лично ми хареса много, английски хумор примесен с уникална актьорска игра	5.0
Мн забавен :)	5.0
Много забавен филм.	5.0
Филма е супер!	5.0
Супер е!	5.0
Приятно филмче за феновете на Джони Деп :)	5.0
Страхотно забавен филм	5.0
Уникален,забавен,жесток!!!	5.0
5-ца му е малко на филма	5.0
Наистина много добър и разтоварващ филм :)	5.0
Доста cheesy. Не е много добър, но има забавни моменти.	3.0
Страхотен и различен!	5.0
Сюжета и актьорската игра са уникални, но действието се развива твърде монотонно.	4.0
Chudesen !!!!	5.0
Най тъпия филм който съм гледал	1.0
Добре беше филмчето. Посмяхме се	5.0
Прекрасен английски хумор. Много смях. Прекрасни актьори и филм!! Препоръчвам!	5.0
Забавен тънък английски хумор :) Джони Деп отново размазва.	4.0
Не си заслужава.	1.0
хубав филм, на моменти муден, но като цяло забавен	4.0
Филма беше яко	4.0
Много приятен и забавен филм! Джони Деп е на позната висота!!!	5.0
Много готин филм!	5.0
Готино филмче, Джони Деп както винаги разбива!	5.0
Няма такъв филм!	5.0
Супер забавен филм с великолепна актьорска игра!	5.0
5* са малко за този филм. :)	5.0
Приятен и малко по-различен филм. Джони Деп страхотен както винаги. Заслужава си	4.0
Забавен и приятен филм. Нищо ново като сюжет, Джони Деп играе Джони Деп.	3.5
Най-екзотичният хотел Мариголд 2	0.0	http://www.cinexio.com/sofia/movie/21951	http://www.imdb.com/title/tt2555736/	6.9
0
Досието Петров	5.0	http://www.cinexio.com/sofia/movie/23745	null	null
0
Героичната шесторка	4.7	http://www.cinexio.com/sofia/movie/19542	http://www.imdb.com/title/tt2245084/	8.0
82
Страхотен! Много свеж и забавен!	5.0
Многоо сладък и смешен филм :)))	5.0
Забавен и смислен. Препоръчвам.	5.0
Strahotno filmche!!! Mnogo pozitivno i zarejdashto :)	5.0
хубаво филмче	4.0
Добре е,на детето му хареса!	5.0
Супер!	5.0
Много готино филмче, което за пореден път доказва , че най- добрите филми през последните години са детските.	5.0
Прекрасен филм ! :)	5.0
Една от няй-добрите анимации. :)	5.0
Много ни хареса, чак не очаквахме да е толкова готин	5.0
става,добър е	5.0
много сладък филм!	5.0
Супер филмче, много ни зарадва :)	5.0
Много як :)	4.5
Разкошна анимация !!!	5.0
Забавен и приятен за гледане!	5.0
ВЕЛИК,ВЕЛИК,ВЕЛИК!	5.0
Много забавен и приятен за гледане. Приятелката ви ще го хареса :))	5.0
Не бях подготвен за точно това, но ми хареса много.	5.0
Много забавен, струва си да се гледа.	5.0
Яко	5.0
Strahoten film	5.0
Мн добро фимче !!!	5.0
Стрaхотно филмче, смешно и рaзпускaщо. :)	4.5
Мега як... Да се гледа!	5.0
Страхотен и забавен филм. Препоръчвам го за хора които обичат анимациите.	5.0
Best medic ever! :)	5.0
Много готин и смешен филм!	5.0
Направо 10! Уникален!	5.0
Много добро филмче! Силно го препоръчвам на всеки :)	5.0
Забавен филм,заслужава си.	4.0
Има всичко, което може да търси човек в този тип филми.	5.0
хубав	4.0
много яко филмче!	5.0
Забавен	4.0
Детски,поучителен и разтоварващ!	5.0
Филмчето е много поучително!	5.0
Екстра е !	4.5
Жестоко филмче една от най-добрите анимации до сега	5.0
Много сладък !!!	5.0
Хубав филм. Има достатъчно неразгърнат потенциал за поне още едно продължение.	5.0
Страхотен филм. Заслужава си да го гледате.	5.0
ubiistva i narkomani v detski film ... sram i pozor... mnogo qko beshe	5.0
Класически, детски холивудски	4.5
Голям смях. Много готино филмче	4.0
Много ми хареса. А децата бяха възхитени!	5.0
Супер	5.0
Супер филм! забавен, увлекателен, различен	5.0
гледах го 3 пъти и не ми омръзва!!!	5.0
Адски забавно филмче! Страхотно е!	5.0
Филма е страхотен, ще се хареса на малки и големи.	5.0
Супер е	5.0
Много хубаво филмче!	5.0
Супер вдъхновяващ! :)	5.0
Жесток филм!!! Най-хубавата и силна анимация, която съм гледал до сега (след Цар Лъв ). Можеш да плачеш и да се смееш истински!!!	5.0
Много забавен	5.0
супер филм	5.0
Много приятно филмче!	5.0
Невероятен филм. Изключително забавен и поучителен. Interstellar + marvel + the lion king	5.0
Супер е!	5.0
беше весело.Хареса ми :)	4.0
Много як филм	5.0
Филмчето беше страхотно, много хумор и екшън-геройски приключения. Подходящ за всички възрасти :)	4.5
Страхотен филм, заслужава да се види!!!	5.0
Мноого Хубав Филм заслужава си за малки и големи....	5.0
Уникален филм!	5.0
Свежо	5.0
страхотен за цялото семейство.	5.0
Страхотен!!!	5.0
Филма е много готин, ще се харрса на всеки!	5.0
Много яко филмче,заслужава си гледането.	5.0
як филм	5.0
Най-хубавата анимация, която съм гледала! Силно препоръчвам :)	5.0
Страхотен филм за всички възрастови групи !	5.0
Много свежо :)	5.0
Супер готино филмче! Много се накефих :)	5.0
super	5.0
забавен...  точно каквото очаквате от филма,  според трейлъра /но не повече/ :)	4.0
Много забавно филмче. Има го в интернет вече.	5.0
Дръпнах го от Замунда преди десетина дни, мога да кажа само готин като за анимация.	4.0
Уникален!	5.0
Теорията на всичко	4.7	http://www.cinexio.com/sofia/movie/20126	http://www.imdb.com/title/tt2980516/	7.8
95
Просто трябва да се гледа този филм.	5.0
Добър филм.	4.5
Заслужен Оскар.... Много добър филм.	5.0
Филма не е за хора , които не оценяват актьорската игра	4.5
Mnogo dobreeeeeee :)	5.0
Заслужава си да се гледа!	5.0
много хубав	5.0
Страшно разочарован. Живота на един брилянтен физик, разказан, като за 50 годишни лелки. Пълна боза	1.0
Хубав филм!	5.0
Нищо особено.	3.0
Филм изпълнен с послания, докосващ душата и привличащ вниманието на всеки. Невероятна актьорска игра!	5.0
Много добър филм.	5.0
I	5.0
Заслужава си оскарите! Неописуема актьорска игра, невероятен филм, гледайте го!	5.0
Чудесен филм!	4.5
приятно филмче, но нищо кой знае какво	3.0
Пленяващ	5.0
Невероятна история!	5.0
Невероятен филм и заслужен оскар!	5.0
Филм на годината!	5.0
Задължително го гледайте!!Прекрасен филм!!! Великолепен Еди Редмейн-заслужава Оскар за тази роля!!!	5.0
Хубав, тежък филм!	5.0
Хубав филм!	4.5
Strahoten!	5.0
Един прекрасен филм! Струва си да се гледа!	5.0
ФИЛМЪТ Е НЕВЕРОЯТЕН.ЗАДЪЛЖИТЕЛНО ТРЯБВА ДА СЕ ГЛЕДА.	5.0
Прекрасен филм и невероятен Еди!	5.0
Много хубав филм, разплака ме на два пъти, тъжен и смислен..	5.0
Страхотна актьорска игра! Филмът е много добър	5.0
Уникален филм!	5.0
Тежък филм! Хареса ми.	5.0
Уникален филм, трябва да се гледа. Една моя приятелка много рева :)	5.0
Уникален! Заслужава си гледането :)	5.0
Гениална главна роля, сценария нещо малко не ми допадна, но с такъв актьор, всичко се преглъща. ;)	5.0
Филма е много силен. Разказва се истинска история, всички трудности на живота. Препоръчвам горещо!	5.0
Jestok fium triabva da se gleda	5.0
Страхотен филм!	5.0
добър филм	5.0
Добра актьорска игра, но слаб сценарий.	3.0
Уникален!	4.5
Страхотен филм !	5.0
Много добър филм и много добра игра на актьорите!	5.0
Изключителен!	5.0
Трябва да се гледа!	5.0
Радвам се, че вече има готини нови актъори с невероятно успешни роли Много Въздействащ Много Добър Уникален Фил	5.0
Въздействаща история, силна игра Еди Редмайн.	5.0
Великолепна игра на Еди Редмайн :).	4.0
много добър филм :)	5.0
Уникален филм	5.0
Уникален!!!	5.0
Просто невероятен....	5.0
Mnogo emocionalen, strahotna mujka rolq, zaslujava si da se gleda.	5.0
Невероятна мъжка роля! 5/5	5.0
Силен, емоционален, драматичен. Невероятна актьорска игра, затрогващ сюжет.	5.0
Много добър	5.0
Amazing! Deeply human and truly a movie with capital M! Great acting!	5.0
Чудесен.	4.0
Super e. Zaslujava si	5.0
Много силен филм!	4.5
Prekrasen!!!	4.0
unikalen!	5.0
Нямам думи, меко казано велик..	5.0
Много силен	5.0
Невероятна история .Филма ми хареса.Интересен и показва как човек не трябва да се отказва никога!заслужава си да се гледа	4.5
Хубав филм	5.0
Един от най-добрите филми в последните години. Още повече подсилва това фактът, че историята е напълно реална. Гледайте го.	5.0
Интересен, но много тъжен филм. Препоръчвам !	5.0
Страхотен филм!	5.0
Непременно трябва да се гледа!	5.0
Страхотен замисъл, сравнително слаба реализация! Все пак добър и смислен!	4.0
Заслужени 5 *****!!!!!	5.0
Невероятен филм! С послание!!! Докато има живот, има и надежда! Много плаках и от щастие и от мъка...	5.0
Прекрасен филм за силата на човешкия дух! И брилиантна актьорска игра!	5.0
Интересен е.	4.0
уникален!Главният актьор прави уникална роля	5.0
Прекрасен филм!	5.0
Уникален биографичен филм за Стивън Хокинг. Горещо го препоръчвам!	5.0
Tolkova ne sum plakal na nikoi film	5.0
Страхотен филм! Препоръчвам го!	5.0
Не е за всеки, но си заслужава!	5.0
Наистина стойностен филм!	5.0
Наистина трябва да се гледа!	4.5
Изключителен!	5.0
Bravo!	5.0
Уникален филм, показващ, че човек има безграничната сила да,се развива, въпреки всичко!	5.0
Уникален филм!!!	5.0
Невероятна история! Филм, който ни показва историята на голямия Стивън Хохинг.  Увличащ, емоционален, истински!	5.0
Много силен сюжет	4.0
Страхотен филм! Препоръчвам го горещо!	5.0
Невероятен!	5.0
Страхотен филм.	5.0
I love Stephen Hoking.The film is good.Put more physics!!!!	5.0
Изключителен!!!	5.0
Изключителен!!!	5.0
Много хубав филм	5.0
Дякон Левски - 2 част	2.7	http://www.cinexio.com/sofia/movie/23750	http://www.imdb.com/title/tt3917044/	4.7
2
Много ефекти,малко история!	3.0
Страхотен филм! Жалко, че публиката му не го заслужава... неуместно държание!	5.0
Дякон Левски - 1 част	2.7	http://www.cinexio.com/sofia/movie/23749	http://www.imdb.com/title/tt3917044/	4.7
0
"Кум под наем" ООД	4.7	http://www.cinexio.com/sofia/movie/20124	http://www.imdb.com/title/tt0884732/	6.9
159
СМЯХ!	5.0
Супер. Много смях...	5.0
Супер комедийка.	4.5
Комедията е чудесна, превивахме се от смях плез повечето време (:	5.0
Супер свеж и забавен филм, трябва да се гледа!	5.0
Най- уникалният филм, който сме гледали в последно време!!!	5.0
Страхотен е :)	5.0
страхотена комедия! Препоръчвам я!!!	4.5
Страхотна комедия, отдавна не се бях смял така!	5.0
Страхотна комедия!!	5.0
Забавно филмче	5.0
Много забавна комедия	5.0
Много свеж	5.0
Готина комедия	4.0
Страхотен :))	5.0
Яко забавен и разпускащ филм без вулгарен хумор, който напоследък е обзел всички комедии. Пак бих го гледал! :)	4.5
Много смях! Една от най - добрите комедии напоследък!	5.0
много ми хареса.супер разтоварващо и забавно филмче.имсше доста сполучливи майтапи.	4.5
Приятна комедия с многопо-малко американски тъпизми от обикновено.	3.0
Може да се гледа и втори път	3.0
Уникален!!!!	5.0
Много добра комедия и смях до скъсване. :D	5.0
Това беше един от най-яките филми!!!	5.0
Супер. Много смях! !!	5.0
Много смях, филмът си заслужава!	5.0
Страхотна комедия !!!	5.0
Хубав филм!	4.5
Уникален !!! Мн смях !!! Горещо препоръчвам на вс	5.0
Смях се от сърце !!!	5.0
Супер филм	5.0
Определено няма да има по-малко от 5 звезди.Задължително на голям екран	5.0
Много забавен!	5.0
С изключение на някои преувеличени моменти е доста симпатичен.	3.5
Забавен, свеж и разтоварващ.	5.0
много смях	5.0
страхотен филм	5.0
Suprer film	5.0
Страхотен!	5.0
Много свежо филмче! Цялата зала се смя много!	4.0
Кевин Хард. Няма какво повече да се каже филма е един път	5.0
Супер филм!!!Прекрасна комедия!!!	5.0
Забавен и неангажиращ! Идеален за вечер, в която няма какво да правите ;)	5.0
Супер забавен!!!	5.0
Филмът е топ! Гледайте го с компания идиоти :)	5.0
Много забавно филмче!:)	5.0
Много бешееее добреее :)))	5.0
Unikalen film	5.0
Много разтоварващ филм. Отдавна не се бях смяла така на комедия	5.0
Много смях! Доста свежо филмче, препоръчвам.	5.0
Забавен филм. Разпускащ :)	4.0
Много забавен и супер разтоварващ!!!! ☺	4.0
уникален	5.0
Xaxax	5.0
super beshe!	5.0
Стрaхотен филм, особено кaто се имa предвид колко рядко вече се прaвят хубaви комедии. Много зaбaвен и рaзтовaрвaщ	5.0
Доста забавен филм.	5.0
Много забавен!!! Гледайте го :)	5.0
Разтоварващ филм	5.0
Страхотен !	5.0
Ето това е комедия !!!	5.0
в интерес на истината очаквах повече не е като ергенски запой ама пак става.	4.0
Заслужава си! Препоръчвам!!!	5.0
Най-забавния и разпускащ филм от доста време насам!!!  10+	5.0
Страхотна комедия!	5.0
Много смях в залата!!!	5.0
Много забавен!	4.5
Много смешен, не очаквах да е толкова добър! Идеален за разтоварване.	3.5
Голям смях,готини артисти!	5.0
Super film!	5.0
Не помня от кога не съм се смял така	5.0
Заслужава си!	5.0
Уникална комедия!!! Много смях!	5.0
Много смях!!!	5.0
Страхотен филм:)))	5.0
Як филм! Кевин Харт е брутален!	4.5
Много добра комедия! :-)	5.0
Qk smqh	5.0
Много смях мнооооогооо	5.0
Сцепихме се от хилене :D	5.0
страшен филм	5.0
Една от най-добрите комедии в последно време !	5.0
уникат!	5.0
Много добър! Определено доста се смях.	5.0
много смях отдавна не съм гледал такава комедия 6+	5.0
страхотна комедия.	5.0
Филма е страхотен!	5.0
Готино беше филмчето	4.5
edna ot nai-dobrite komedii koito sum gledal :) silno preporuchvam	5.0
много смях	4.0
Доста забавен :-)	5.0
Много смях !	5.0
Много забавен филм!!!!!	5.0
Поредната уникална комедия с Кевин Харт!Истински се забавлях от началото до края!! :))	5.0
Много смях!!!	5.0
Много хубава комедия!!!	5.0
Невероятен !!!	5.0
Много добър!	5.0
Уникален!!!	5.0
Приятно филмче!	4.0
Уникална комедия! Препоръчвам я на всеки! Разтоварящ и лежерен. Много смях!	5.0
Неочаквано добро!	5.0
Много забавен,рядко се среща толкова добра комедия.	5.0
Много готин филм, смях от началото до края.	5.0
Смехът е здраве	5.0
Много свеж и забавен филм. Може би най-яката комедия за последната година.	5.0
Бива го но съм гледал и по-добри комедий	3.5
Не се бях смял така от години :-) !!!!	5.0
5/5!	5.0
Страхотен филм!!! Определено си заслужава да се види!	5.0
!!!!	5.0
Забавлявах се истински!	5.0
Много забавен филм. Голям смях	5.0
best movie ever!!!	5.0
Мнооого смях	5.0
Супер комедия ! Кевин Харт размазва !	5.0
Има хумор,история и хубав край.Забавлявах се от сърце.	5.0
zaslujava si!!	5.0
Уникален! Не просто поредната комедия, а разцепваща от смях! Гледай 100% смях :)	5.0
Уникален е филма...много е забавен!	5.0
MEGA QKKK	5.0
Хубава,забавна комедия!	5.0
много свежа комудия :)	5.0
Жесток е! Ревали сме от смях.	5.0
Забавен. С много ценни моменти. Заслужава си гледането.	5.0
Mn smeshen :)	5.0
Много готино филмче	5.0
смешен е ...	3.0
Страхотен филм!	5.0
Супер беше, заслужава си!	5.0
Много смях .. забавен е :)	5.0
Чудесна комедия! Непременно трябва да се гледа!	5.0
Много забавен!	5.0
Много добър филм! Доста смях имаше. Заслужава си да го гледате!	5.0
Комедията е брутална. Заслужава си парите!	5.0
Задължително да се гледа.	5.0
Просто уникален!! :)	5.0
Свеж и забавен! Идеално средство за разпускане	5.0
Много забавен ;) неочаквано добър	5.0
Страхотен филм! Гледайте го, струва си!!!	5.0
Забавен :)	3.5
мног малко смях.	2.0
Много хубав филм. Голям смях падна :)	4.5
Доста забавен :)	5.0
Отдавна не бях гледала толкова хубава комедия на кино. Препоръчвам я.	4.5
Нищо особено.	2.5
Веселяшки филм. Идеален за разпускане :)	4.5
става	5.0
Много приятен. Препоръчвам да се гледа.	5.0
Хареса ми :))))	4.0
Отдавна не се бях смял така	5.0
Готина комедия :)	5.0
Голяма комедия!!!!! Така хубаво се посмяхме! Липсваше ми такъв филм! :-)	5.0
Най-страхотната комедия от доста време. Гледайте го.	5.0
Имаше си своите своите забавни моменти, хареса ми! Препоръчвам го, защото си заслужава!	5.0
Мегасмях!	5.0
Супер забавна комедия :)	5.0
Страшен! :))	5.0
Мисля, че не съм гледала по - забавен филм! Уникална комедия, препоръчвам я горещо на всеки :)	5.0
Много Забавен филм !	5.0
Бамзе и градът на крадците	5.0	http://www.cinexio.com/sofia/movie/23933	http://www.imdb.com/title/tt3129656/	6.3
1
!!!!!	5.0
Игра на кодове	4.7	http://www.cinexio.com/sofia/movie/19105	http://www.imdb.com/title/tt2084970/	8.2
254
Добър филм.	4.5
Прекрасен филм. Залужава си.	5.0
Добър филм, не случайно взе и Оскар. Заслужава си гледането.	5.0
Филма е страхотен.	5.0
Страхотен!	5.0
Уникален !	5.0
Велик!!!	5.0
Невероятен и завладяващ филм!	5.0
Изключителен филм!!!Впечатляваща история!!А Бенедикт е невероятен в тази роля!!Задължително го гледайте!!!	5.0
Много добър филм с прекрасен Бенедикт	5.0
Иключителен! Великолепна актьорска игра на Бенедикт Къмбърбач! Задължително трябва да се гледа!	5.0
Добър е!!!!!	5.0
Много добър,добра игра от актьорите,внимание към детайлите в сюжета,който е леко исторически неточен ,но интригуващ.	4.5
Страхотна история и актьорска игра!	4.0
Уникален филм! Уникална история! Преживяване, което всеки трябва да изпита :) Силно препоръчвам!	5.0
Изключителен!	5.0
Страхотен! Не го пропускайте!	5.0
Много добър филм!	5.0
Много добър!	5.0
Страхотен филм !	5.0
Два пъти го гледах и двата пъри останах смаяна! Прекрасен филм!	5.0
Шедьовър просто.	5.0
Много добър сценарий и страхотна актьорска игра	5.0
Много добър	5.0
Сюжета не беше динамичен и интригуващ, поне за мен. Стойността на филма се покачи с фактологията в самия му край.	4.0
Доста интересна история.	4.0
Абсолютен! Когато говорим за "перфектния актьор за тази роля"...	5.0
Много силен!	5.0
Брилянтен филм заслужаващ Оскар!!!	5.0
Нямам думи	5.0
Уникаален Филм Невероятна Актъорска игра, Бих Го Гледал още два пъти СУПЕЕЕРРР	5.0
Невероятен филм	5.0
Препоръчвам	5.0
Уникален филм	5.0
Уникален!!!! Който казва, че не става или е хомофобски и т.н. , не разбира нито от сюжета, нито от филми като цяло!	5.0
Страхотна актьорска игра, най-после развенчана конспиративна теория. Браво!	5.0
Интересен, заслужава си!	4.5
Страхотен!	5.0
Страхотен филм, от типа филми, след които те е яд, че са свършили и искаш още.	5.0
Филмът е добър!	4.0
Изключителен филм, aдски стойностен.	5.0
Уникална актьорска игра! Един от най-добрите филми за годината !	5.0
Добър е!!!	5.0
прилично е филмчето	3.5
Хомофобски филм	0.5
Страхотен филм! Заслужава си!	5.0
Много хубав филм, заслужава си!	4.5
Заслужава си! Филм, от който можеш да научиш нещо, с не поредната боза.	5.0
Хубав филм	4.0
Супер е.	5.0
Интересно и приятно филмче	4.0
много добър филм	5.0
Много добре занет, без излишни сцени, оригинален.	5.0
Страхотен филм.	5.0
Изгубено време	1.0
Хареса ми , препоръчвам	5.0
Филмът е прекрасен, чудесна игра и атмосфера!	5.0
it's OK	3.0
Уникален филм	5.0
Страхотен!	5.0
Не е крайно лош, но не е за кино. Спестите си парите. Англичаните сериозно са решили, че благодарение на тях са спечелили войната.	4.0
Добър филм и отлична актьорска игра	5.0
Филма определено си заслужава.	5.0
Заслужава си!	5.0
Филмът е наистина добър. Заслужава си да се гледа!	5.0
Гениалееееееен!!!!!!	5.0
Уникален филм. Силно препоръчвам :)	5.0
Наистина добър филм.	4.0
уникален!! трябва да се гледа :)	5.0
Много силен филм, с много силно послание.	5.0
Не е кой знае какво	2.0
Добър филм ! :)	3.5
Невероятен!	5.0
strahoten film preporycham	5.0
Уникален!!!	5.0
Отличен! Уникална игра на Къмбърбач!	5.0
хубав и това, че е по действителен случай го прави още пп добър !!	5.0
Хареса ми филмчето, по действителен случай.	5.0
Добър е!	5.0
На мен много ми хареса! Страхотно направен филм и добра актьорска игра!	5.0
Страхотен филм!!! На момичетата с които бях не им хареса много. Затова бих казал да не водите половинките си с вас. Bro before hoe :D	5.0
много добър филм	5.0
Супер филм....	5.0
Филма е с много силно послание! Препоръчвам!	5.0
Много добър! Силно препоръчвам!	5.0
hubav film, no ne e za kino a za Pred televizora	3.5
Много добър	5.0
Феноменален филм! Сценарий, актьорска игра, режисура, музика, всичко! Просто няма слабо звено по веригата!	5.0
Изключително добър филм с невероятна актьорска игра!	5.0
Супер беше!	5.0
strahoten e	4.0
Добър!	5.0
Definitely a movie worth watching. Brilliant acting. Magnificent directing. Breathtaking !	5.0
Заслужава си :)	5.0
Много добър	5.0
Много силен филм, достоен за Оскари! Доста истински въпроси и отговори дава.	5.0
Много ми хареса...	5.0
Много добър. Особено актьорската игра. Дали заслужава оскар? По-скоро не.	4.5
Един много добър филм. Надхвърли очакванията ми, макар те да бяха доста високи. Напоследък излизат малко такива филми, за съжаление.	5.0
Удивителен !!!!!!	5.0
Жесток жесток жесток!	5.0
Добър филм!	5.0
Интересен филм!	4.5
Бенедикт е много голям! Без него фимчето, нямаше да е нищо особено.	4.0
Повърхностна линия с акцент надменност.	3.0
Филмът е невероятен. Въпреки че знам отчасти историята прекарах два час вторачен в екрана. Страхотна актьорска игра!	5.0
Страхотен е!!! ♥	5.0
Уникален филм!	5.0
Много интересен филм!!!	4.5
Добър е	5.0
Страхотен филм! Не бях гледала толкова добър филм отдавна.	4.0
Заслужава си!	5.0
Филм, напълно заслужаващ отделените 120 минути! Препоръчвам горещо!!!	5.0
НЕВЕРОЯТЕН!!!	5.0
Уникален!	5.0
Филм, който си заслужава гледането!	5.0
Надмина очакванията ми много кратно . Заслужава си гледането .	5.0
Много силен филм и отлично изиграна роля.	5.0
Dobyr!!!	5.0
Филмът определено е на много високо ниво,но не заслужава 5 звезди заради прекалено явната гейска прппаганда.	4.0
Повече от очакванията ми!!! Бенедикт е гениален :)	5.0
Филмът е повече от хубав!Препоръчвам...	5.0
Супер!	5.0
Много интересен филм, задължително трябва да се гледа!	5.0
Bravo!!! Mnogo stoinosten film. Kara te da se zamislish.	5.0
Изключително смислен филм!	5.0
Много хубав филм, който изгледах на един дъх, но педерастията ми дойде малко множко.	5.0
Ъхъм	5.0
Филмът е страхотен, заслужава си гледането определено!	5.0
Впечатляващ	5.0
Уникален филм! Трябва да се гледа! Невероятна актьорска игра, свалям им шапка :)	5.0
Много добър филм, каст, сценарий.. Заслужава си!	4.0
Филма е много стойностен, няма какво повече да се каже...	4.0
Много стойностен филм.Трябва да се гледа!	5.0
Съвсем не лош филм. За по-запознатите е малко патетичен, но става и парите Ви няма да са на вятъра.	4.0
Можеби най- добрият филм, който съм гледал в последните години. Брилянтна актьорска игра и перфектна режисура!	5.0
Mnogo dobyr!	5.0
Чудесен филм и актьорска игра!	5.0
Страхотен!	5.0
Прекрасен филм по малко позната история, чудесна актьорска игра. За ценители на киното!	4.5
Добър филм, но не блестящ. Напомня много на Красив Ум. На моменти сюжета доскучава, но играта на Къмбърбач компенсира.	4.0
Прекрасен филм, най-вече стойностна история, която светът трябва да знае.	5.0
Вече рядко правят такива стойностни филми :) препоръчвам!	5.0
Отдавна не бях гледал хубав филм, а този си заслужаваше!	4.5
Много силен филм.	5.0
Много добър филм!	5.0
Страхотен филм! Заслужава си!	5.0
Бенедикт Кънбърбач е роден за такива роли	5.0
Много сериозен и силен филм !	5.0
Изключително онтересна история и великолепна актьорска игра!	5.0
заслужава си.	5.0
Уникален !!!	5.0
Страхотен филм с невероятен каст, заслужава си и последната стотинка!	5.0
Страхотна история, страхотна игра, страхотно кино!	5.0
мн. добър	4.5
смислен филм! само накрая защо наблегнаха на хомосексуалността...	4.0
Най-после нещо смислено. Добър е.	4.5
много добър. по действителен случай.	4.5
Добър е! Заслужава си времето. Очаквах още малко повече, но да не забравяме, че е биографичен.	4.5
Невероятен филм... Разтърсиме наистина. Гледайте го задължително!!!!	5.0
Много добър филм и актьорска игра!	5.0
Много добър!	5.0
Добър филм!	4.0
Много добър!	5.0
Страхотен филм !!! Във филма имаше всичко нужно за да те грабне , да го изгледаш и да останеш удоволетворен .	5.0
Много хубав филм	4.0
Много як и забавен филм :)) Гледахте го няма да съжалявате :)	5.0
Хареса ми...но можеше и още.	4.5
Ebati filma....klasaa..	5.0
Да се гледа!!!	5.0
Беше удоволствие за мен да гледам един различен и стойностен филм!	5.0
Аз спах.	3.0
Страхотен филм, страхотна игра!	5.0
Много добър!	5.0
Уникален филм,уникална актьорска игра.супер интересен.заслужава си да се гледа.Поклон пред това, което е направил Алън Тюринг !	5.0
Strahoten film!	5.0
Много добър филм. Заслужава си.	5.0
Стойностен филм! Силна актьорска игра.	5.0
Изключителен! Да се гледа!	5.0
Филма е по действителен случай и е престъпление да не се гледа от любителите на исторически и биографични филми	5.0
Уникален !!!	5.0
Великолепен филм!	5.0
10 от 10, много добър филм	5.0
Nice !!!!	5.0
Страхотен филм. заслужава си абсолютно.	5.0
Хубав филм заслужава си :)	4.0
очаквано феноменален Бенедикт	4.5
Прекрасна актьорска игра, но филмът е с размита идея. Очаквах много повече, особено след положителните коментари тук.	3.0
Страхотен!	5.0
Уникален филм , заслужава си !!!	5.0
Филм с главно "Ф"!!!	5.0
Страхотен филм	5.0
Зашеметяващ !	5.0
Интересен и малко странен, но истински филм.	5.0
Изключително вдъхновяващ филм!	5.0
Определено невероятен филм	5.0
Прекрaсен филм и oтличнo aктьорство. Много добри послания зад главният сюжет.	5.0
Няма такъв филм......който да ти размърда мозъка така	5.0
Страхотен филм!! Определено си заслужава да се гледа!	5.0
Филмът е хубаво, но очаквах повече!	4.0
Добър филм, който ме разплака накрая ( не е лесно за постигане )	5.0
Страхотен филм!	5.0
Става за гледане, малко е проточен в повече	3.5
Супер филм, страхотни диалози и кастинг. Без клиширани фрази и сцени.	5.0
От "уникалните"! Просто задължителен!	5.0
Бавен, муден и скучен. Единственото е добрата игра на главния герой.	2.0
Страхотен филм!	5.0
Невроятен филм,невероятна актьорска игра на Бенедикт Къмбърбач достойна за няколко Оскара.Заслужава си да се гледа.	5.0
Много хубав филм, много добра актьорска игра, супер английски хумор и диалози.	5.0
Expected more science and less drama. Good overall.	2.0
Strahoten film!! Bazirana na strahotna kniga!	4.5
Невероятен филм! Задължително трябва да се гледа.	5.0
very nice film. Every person should watch it.	5.0
Типичен британски хумор. Страхотни разговори и игра от всички. Заслужава си!	5.0
Добър е филма, може би очаквах малко повече.	4.0
Браво!	5.0
Филма е много хубав, а Камембарч, ли как се казва ще вземе ОСКАР за главна мъжка роля!	5.0
Страхотен!	5.0
Много добър филм, определено има много смисъл в него.	5.0
Не подминавайте този филм. Много е добър и определено тази истинска история изпъква на фона на многото холивудска помия.	5.0
Много добър !	5.0
Истинско бижу !!!	5.0
Уникален. Подобен е на красив ум.P.S. Частта с криптографията е слабозастъпена и не съвсем коректно представена.	5.0
Филмът е истинска наслада за феновете на истинското кино	5.0
Много хубав филм. Невероятна актьорско присъствие и игра.	5.0
Страхотен филм! Накрая само малко приспаха играта...	4.0
Забележителен филм	5.0
Бива.	4.5
Брилянтен филм. Най-доброто нещо, което съм гледал от "Речта на краля" насам.	5.0
Страхотен филм, отлична игра на Къмбърбач. А, и музиката!	5.0
Много добър филм със страхотен диалог !	5.0
Изключително добър филм !	5.0
Много добър филм, заслужава си гледането. Малко ми напомня Красив ум с Ръсел Кроу	5.0
Много добър филм, но определено ми липсваше драмата в него. Историята предполагаше повече тръпка!	3.5
Страхотни сценарии, актьорска игра, режисура и цялостна атмосфера. Изобилие от британски хумор и една забележителна история на гений.	5.0
Уникален филм! Горещо го препоръчвам на всеки	5.0
Уникален филм!Бенедикт играе чудесно!! Препоръчвам	5.0
Жестока игра! Много ми хареса!	5.0
Incredible!!!	4.5
Страхотен!	5.0
Вълнуващ!	4.0
Филма е страхотен!	5.0
Много добър!	5.0
Добър е :-)	5.0
Страхотен!	5.0
Филма си заслужава парите.	5.0
Уникално добър филм!	5.0
Превъзходен и филм, и Бенедикт, и Кийра. Отвсякъде намирисва на Оскари.	5.0
Един от най - хубавите филми, които съм гледала! Невероятна актьорска игра; много въздействащ!	5.0
Определено си заслужява.	5.0
Жесток Къмбърбач в един недостатъчно смел филм. Все пак го препоръчвам, интересна история.	4.0
Гледах го още на филм феста, гледайте го, няма да съжелявате	5.0
Уникален! Горещо препоръчвам!	5.0
Невероятен филм!	5.0
Пътят на Юпитер	3.8	http://www.cinexio.com/sofia/movie/15656	http://www.imdb.com/title/tt1617661/	5.9
155
Ефектите ми харесаха и историята беше интересна. Добър фантастичен филм!	4.0
Поставя доста въпроси, невероятна визия, струва си да се гледа	5.0
все едно гледах как съхне боя!!	1.0
Спрете да определяте всеки филм, чието действие се развива в космоса като научна фантастика. Къде видяхте наука в целия филм.	3.0
Добре е филма. Ефектите са 6, историята малко куца. Ама за кино е супер.	4.0
еми кво да ви кажа.... по скоро не го глидайте!	3.0
невероятен, запленяващ! :)	5.0
Хубав филм, добри ефекти, малко объркващ и нестандартен но хубав.	4.0
Много красив филм, но от към сценарии е доста зле!	3.0
Много яки ефекти	5.0
За любителите на жанра е просто великолепен! Хареса ми:)	5.0
Добър филм, много ефекти, но до полвината филм не се разбира за какво точно става въпрос	3.5
Филма има ефекти, нo е доста глупав..	2.0
Добро за разпускане. Добри ефекти. Шон Бийн оцелява до края, а това не се случва често,  така че го гледайте.	4.0
Харесвам този жанр, но очаквах малко повече от този филм. Въпреки това останах удовлетворен. Оригинален сценарий.	4.0
Интересен е!	5.0
Съжалявам за изгубените 2 часа! Освен ефектите и играта на Редмейн, нищо друго не си струва!	1.0
Ефектите са впечатляващи,цялата атмосфера на филма е супер.	4.0
Според плана... хубав филм.	4.5
Очаквах да е по-зле!	3.0
Ради: Хубав филм. Става.Боби: Хареса ми света и митологията. Приятен филм. Заслужава си.	4.0
добър е !!!	5.0
Рядко тъп. Ефектите са много добри и с това се изчерпва всичко!	1.5
ужасен сценарий и добри визуални ефекти :)	1.0
Ефектна фантастика за фенове. Ако търсите смислен филм с добра актьорска игра, не е този.	4.0
mnogo slab film... ostanah silno razocharovan!	1.5
страхотни ефекти и приятен сюжет	4.5
Става	4.0
Ужасно беден сюжет, добри ефекти. Като цяло загуба на време...трудно издържах времетраенето!!!	3.0
Занимателно филмче	5.0
Много ми хареса.Уникални ефекти.Имаше от всичко по-малко.Мила Кунис е уникална за пореден път!!!	5.0
Става, май толкова мога да кажа за филма.	3.0
Определено влиза в Топ 5 най-глупави филми!!! Ужас...	1.0
Добър е и ми харесаха ефектите. Сюжет - Върху декорите от Междузв. войни играят кръстоска от Х-мен и хобит, а мястото е Кремиковци	4.5
Може би най-добрата фантастика излизала в последно време!	5.0
Изключително тъп сценарий и посредствена актьорска игра	2.0
malko mnogo mi doide lubovnite gluposti imanche ok	3.0
Много приятно филмче :)	5.0
Преживяване като при Матрицата!	5.0
Shity movie. Нема такава глупост. Пропилян ресурс от аниматори	1.0
Филмът е точно такъв,какъвто се очаква да бъде.Добре направен,непретенциозен по отношение на сюжета и акт.игра.	4.0
СТРАХОТЕН	5.0
super :)	5.0
Трябва да е по-дълбок от към сюжет.. След Матрицата и Облак Атлас очаквах нещо много силно но уви!	3.0
Ако си бяха поиграли със сюжета, щеше да е изключителен.	4.0
много интересен,хубав и с добри ефекти.Много ми допадна	5.0
Отдавна не бях гледал такъв филм.Просто уникален.	5.0
Супер филм с невероятни ефекти! За феновете на жанра-гледайте и няма да съжалявате.	5.0
Филмът е хубав, но краят беше тъп, макар и с хепиенд	3.5
Добър екшън фантастика, но далеч от нивото на Star Wars.	4.0
Страхотни ефекти.	4.0
Има какво да се види	5.0
Давам 4 само заради Мила Кунис,иначе е 3ка за мен	4.0
Филма е ефектен и визуално пищен.Главните герои са на ниво,сюжета също. 5 от мен	5.0
Много добър визуално. Интересна история. Мацката е страхотна. Искам крила. И ботуши. Да се гледа задължително на 3д.	4.0
най-накрая хубава фантастика на голям екран :) феновете на жанра ще са доволни!	5.0
Приятна космическа приказка :3	3.5
На някой са му свършили парите и е направил безумен фентъзи екшън, лежащ върху стари лаври (Матрицата)... нищо впечятляващо.	2.5
Боза пълна.	2.0
Забавиха го с 8 месеца, чакахме го и накрая се изложиха. Не беше до изпипан, очаквах повече.	4.0
Заложили са изцяло на вече доста предвидими визуални ефекти за сметка на историята и каквото и да е развитие на героите.	3.0
Визуално изящен както може да се очаква от Уашовски. Нищо неочаквано от гледна точка на сюжет, но поне с удачен избор на актьори.	3.5
Забавен космически екшън.	3.5
Изложи ли са се! Повечко дълбочина в историята и героите трябва. Ефектите са супер, но не достатъчни за добър филм.	2.5
Братята са се вихрили типично в техен стил. Хареса ми!	4.0
Не оправда очакванията.	3.5
Филмът е страхотен	5.0
Афски тъп филм.	1.0
За мен беше повече от скука.	2.0
Ужасяващо слаб и клиширан филм. Трябва да станат сестри Уашовски	0.5
Очаквах много повече. Филма е по-скоро детски.	1.5
Визуална прелест с най-яката екшън сцена и най-тъпия сценарий с най-тъпата любовна сцена. Леко разочарование.	3.5
Чудесни ефекти!	2.5
Много добри ефекти и добър сюжет	5.0
Става!	4.0
Чудесна ФАНТАСТИКА! До всички критикари - една фантастика трябва да бъде измислена и с фантастичен сюжет. Иначе няма да се казва така	5.0
Като за 3D филм има доста добри ефекти, но от към сюжет има какво още да се желае.	3.5
Класически "Уашовски" стил с хитови актьори. от една страна имаше какво още да се желае, но от друга - искам продължение :)	4.0
Страхотно визуално изживяване. Само за фенове на фантастика..	5.0
слабичък	2.0
Хареса ми	5.0
Изобщо не ми хареса този филм. Само ефекти и нищо повече. Изключително разочарована съм! Не си струва!	1.0
Готин	5.0
Слаб филм, с малко ефекти на края. Не си заслужава загуберото време.	1.0
не е нищо особено. Очаквах повече	3.0
Галактическа боза	1.0
Good story. But nothing special. Verrt good efects! bravo!	5.0
Много добър!	5.0
Уникална боза 1-2 сцени екшън и това е !!	0.5
1-2 добри идеи, превърнати в страшна боза...	2.0
Много ефекти, много нещо! Мила Кунис - много зле!	4.0
Фантастика от край до край. И красива Мила Кунис, както винаги.	5.0
Невероятно зрелищен!!!	5.0
Интересна история.	5.0
отидох с малки очаквания и се оправдаха	1.0
Много зле!	1.0
Страхотен екшън :))	5.0
Добър е! И без това има глад за фантастика.	5.0
Филмчето е типичен стил Wachowski Brothers - комикс. И тук говорим за добре направено фентъзи. Справили са се много добре!!!	5.0
Става за гледане, но най-добре в imax има много ефекти които трябва да се видят на голям екран.	5.0
Еми... Imdb 6	3.0
Много добре направен с хубава история. :)	5.0
Страхотен филм!!! Уникално дълбок замисъл!	5.0
Отличен!	5.0
Поредния шедьовър на Уашовски!!!	5.0
Много ми хареса!	5.0
Страхотен филм, заслужава си на 4D.	5.0
добри ефекти и въпреки че принципно не харесвам фентъзи,този много ми хареса !	4.0
Добри ефекти и екшън... Сценария е малко тъпичък.	3.0
супер фентъзи....	5.0
Само ефектите заслужават донякъде положителна оценка. Останалото беше голямо разочарование.	2.0
Най добре не четете коментарите. Филма си е ОК.	4.0
Жалко за трейлъра- пълна загуба на време!	1.0
Почти съм сигурна че и тоалетната чиния беше пред син екран,откъм ефекти -мн добро,откъм история-според мен има какво да се желае.	5.0
unikalni efekti!	5.0
Супер филмче!	5.0
Само на imax си заслужава, слаба история и сюжетни линии :-) Еди разбива, това е само!	3.0
Готинфилм, готини ефекти и ина доста екшън. Страхотни сцени с Чанинг Т и Мила Кунис :)	4.0
Hubav film	5.0
Добър филм с доста ефекти .	3.0
Спейс операта на годината!	4.0
доста ефекти, но не добре изпипани. За жалост, филма е доста скучен.	2.0
Става. Добри ефекти. Сюжета от време има дупки. Но все Мила и Чанинг... за всекиго по нещо :)	4.0
Bezumen film!	1.0
Нещо им става на хубавите фантастики напоследък. Повече ефекти по слаба история/игра.Като цяло си заслужава за ефектите-Уникални са!	4.0
Не лошо филме, добро за разпускане	4.0
Филмът беше екстра :) и ефектите, и идеята, и сладката леко "тийн" любовна историйка... Незнам какво не му харесват	5.0
1 за декорите... Начосът заслужава 5.	1.0
Интересна история  за вселенския империализъм ;)	5.0
Уникален!	5.0
Приятен, глуповато разтоварващ много добри ефекти.	3.5
МИЛА МИЛА !!!!	4.0
Страшни ефекти, особено на 4D. Липсва феноменален замисъл,  но е наслада за окото. Приятно изкарани 2 часа.	4.0
3 звездички само заради чанинг тейтъм ;) иначе е супер боза	3.0
Много слаб филм. Язък за хубавата идея	1.0
Давам 4 само заради ефектите!	4.0
Освен визуално, няма почти никакво съдържание.	2.5
Като човек ,който обича фантастика и фентъзи ще кажа следното..........Класическа бозица	1.0
Тази Мила.... уфф	5.0
Не е кой знае какво, но за край на седмицата е идеално стига да нямате големи очаквания:D	4.0
убийствено тъп сюжет и много слаба актьорска игра! Жалко за хубавия CGI...	1.5
Държи интереса докрай.	4.0
Зле	2.0
Ненатоварващ и визуално съвършен космически екшън...	5.0
Уникален !	5.0
Ако ви се гледа нещо красиво, но без особена интрига и напрежение - става. Ако ли не - по-добре не!	3.0
лoш сюжет  за пoдoбен филм... не става за кинo	1.0
Забавлява	5.0
Не си заслужава	0.5
mnogo zle	2.0
Ужас е!	1.0
Пълна загуба на време	2.0
Красив филм с безкрайно несъстоятелен сценарий	1.0
Голяма измишльотина...	2.0
Много зле	0.5
Kingsman: Тайните служби	4.4	http://www.cinexio.com/sofia/movie/17768	http://www.imdb.com/title/tt2802144/	8.2
168
average experience	2.0
Това е странна комедия, не е трилър, но разтоварва	1.0
Не ходете в това ТЪПАНАРСКО КИНО АРЕНА В МЛАДОСТ	1.0
Актуален филм, с изискано чувство за хумор!	5.0
Гледайте! Колин Фърт си подбира режисьорите ;) струва си.	5.0
Загубено време :(	1.0
забавен филм	5.0
Много разчупено филмче :d	5.0
Много як!!!	5.0
Страхотен екшън, добър сюжет и игра и много смях ;) Класно!	5.0
filmat e unikalno interesen. nai-dobroto, kieto sam gledal za tazi godina	5.0
Филмът е страшен!!! Заслужава си за кино !	5.0
Хареса ми! Различен и забавен! :)	4.5
"It ain't that kind of movie"	5.0
Много развличащ филм. В стила на старите Бонд филми.	5.0
Приятен филм, става за гледане.	4.0
Страхотен,забавен и свеж.	4.0
Типичен Гай Ричи - хумор, брутални сцени и неописуемо кинематографско майсторство! Гледайте го!	5.0
Як !	5.0
много див и луд филм...беше яко	5.0
Много забавен!	5.0
Супер забавен. Препоръчвам да се гледа :D	5.0
Когата Колин сритва задник.... да аз бих го купил.  Приятна изненада :)	4.0
Много добър! Неочаквана изненада :)	5.0
Страшно тъп филм!	1.0
Neveroqtno priqtno iznenadani bqhme ! Ne vodete deca obache! Super zabaven!	5.0
Мега измислен филм. Развръзката с гърменето на главите е като реклама на united colors of benetton!!!	1.0
Много свежо филмче :) Гледайте го!	5.0
Свежо филмче	4.0
супер!	5.0
много забавен и разпускащ :)	5.0
Добре запълва два часа.	3.5
много готин с екшън и ефекти и забавен с добро чувство за хумор :)	5.0
Изключително неподходящ за малки деца! И за хора, които не обичат кръв, насечени хора и насилие също!	2.0
Добър беше, хареса ми:)	4.0
супер е много забавен и брутален и на всичкото отгоре има и сюжет!	5.0
EPIC	5.0
Уникум	4.0
Доста забавно филмче. Не с лъжете по трейлъра,  филма е доста брутален и откачен. За фенове на at the worlds end,  kick ass и други	4.0
Приятен и весел филм.	3.5
Филмае супер!	5.0
Супер!	5.0
Много добър филм !!!	5.0
мен ми хареса филм че то.разтоварващо и забавно.Заслужава си да се види	5.0
Колин Фърт! Бритиш хумор! И се настани удобно:)	5.0
От филмите, които се запомнят !	5.0
Само за фенове на тънкия британски хумор. Иначе като цяло тъп филм.	3.0
супер е филмът	5.0
Много приятен и забавен.	5.0
става, накрая прекалено много фантазия	4.0
Много забавен и изпълнен с готин екшан	4.5
Страхотен филм!!! Страшно забавен;P	5.0
ужасно глупав	1.0
Екстра разтоварващо филмче. Малко е дълго, но си заслужава.	4.5
Забавен поглед върху шпионските филми. Добра актьорска игра, идеален за кино!	4.5
Много яко филмче!	5.0
Mnogo zabavno filmche	5.0
Нищо особенно, 2 часа разтегляне на локуми	2.0
Много е готин и забавен!	5.0
Супер забавен филм! Препоръчвам го на всеки, ще ви зареди с положителна енергия за цяла седмица :)	5.0
Приятен филм с малко британски хумор :)	5.0
Супер е филма и всичко си има - лафчета, екшън...пълният пакет :)	5.0
Много приятен филм. Неангажиращ и забавен.	3.5
Филмът беше страхотен. Супер забавен екшън.	5.0
Динамичен, развлекателен, забавен, класен !!! Най-добрият екшън за годината до момента :)	5.0
Супер забавен филм, перфектни бойни сцени, чудесни забавени ефекти. Финалната сцена кърти	5.0
Много забавен	5.0
на мен пък много ми хареса :)))	4.0
Става. Глупав, но забавен.	3.0
Супер беше :) Смяхме се доста!	5.0
Страхотен филм! Колин Фърт отново е блестящ! Готин сюжет, много добра актьорска игра! Заслужава си :)	5.0
Не е за хора, които очакват сериозен филм! Трилър въобще не му отива!! Трябва да добавят фантастика, комедия и дори екшън :D смях!	2.0
Шантав и смешен.	3.5
Свеж хумор, банален сюжет, абсурдни сцени на места. Подходящ е за разпускане и при  невисоки очаквания ;)	3.0
Различен, странен, не точно смешен - хареса ми!	5.0
Супер филмче! Екшън, смях и добра актьорска игра.	5.0
Луд е	5.0
Заслужава си всяка минута.	5.0
This ain't that kind of movie!	4.5
уникален!!!	5.0
Филмът се оказа страхотна изненада. Изключително забавен, със страхотен хумор много добри бойни сцени. Много приятно изживяване.	5.0
Страхотен филм с много екшън и чувство за хумор. Публиката даже накрая ръкопляска.	5.0
Доста тъп филм!!!	1.0
Много забавен и неангажиращ екшън. Заслужава си!	4.0
Забавен и ведър филм	4.5
забавен филм!	5.0
Ако целят филм беше в стила на последните 30 минути, щеше да е голям купон :)	3.5
Great fun! Colin Firth was simply amazing as always	4.5
Супер готин филм. Смислен и забавен!	5.0
УНИКАЛЕН Е !!!	5.0
Много лек и приятен филм. Гледа се на един дъх, а пък Колин Фърт к Самюел Джаксън са страхотни.	5.0
Забавен, разтоварващ, "английски". Препоръчвам.	4.0
Забавно филмче :)	4.5
Хареса ми	4.0
Невероятен!Интересна история,много смях,размазващи екшън сцени и прекрасна актьорска игра!Гледайте на IMAX!	5.0
Много добър сценарии, много добра режисура и много добър актьорски състав. Уникален филм. 5/5 #churchscene	5.0
Забавен и интересен...Не е за почитатели на Бърдмен и Юношество :)	5.0
Страхотен филм! Имаше динамика, хумор, смях и малко по различен сюжет от обичайното. Перфектен шпионски екшън!	5.0
Забавен, но често и рязко се сменя тона. Гледах го на 4DX и съм доволен.	4.0
Много смешен, итересен и приятен за гледане!!!	5.0
Filma e tragediq!!!	0.0
Пълна тъпотия	0.5
Доста забавен, неангажиращ и развлекателен филм.  Заслужава си гледането.	4.5
Имаше само една сцена, която беше не на място, като изключим нея беше добър. Хареса ми	5.0
superrrr	5.0
Zslujava si !!!!	5.0
Unikaleeen preporuchvam !!!!!!	5.0
Много приятна изненада се оказа	5.0
Уникален!!	5.0
забавен филм	4.5
super	5.0
Отдавна не бях гледал толкова интересен и забавен филм(А всъщност от години почти не съм изпускал кино филм)	5.0
Супер е!	5.0
Най-свежият филм за тази година!	5.0
Супер филм	5.0
Mnogo dobur film	5.0
Страхотен филм!	5.0
Love the suits! :)	4.0
Смазващо як!!!	5.0
Mnogo dobyr!	5.0
Страхотен.	5.0
Много добър! Невероятно забавен! Струва си!	5.0
Много е добър. Съдържа може би най-добрата екшън сцена, която някога съм гледал!	4.5
много готино филмче :)	5.0
Доста забавен и приятен филм.	4.5
Филмът си заслужава. Препоръчвам го на всички.	5.0
Мега як филм	5.0
Много свеж.. Друго тесто са британските актьори.	5.0
Супер Як!	5.0
Учудващо приятен филм.Очаквах по - юношески  "soft" филм.	4.0
Много як филм направо ме разби	5.0
Най-добрия филм ,който съм гледал!	5.0
Доста забавен	5.0
A Must See. Малко стил Тарантино :)	5.0
за вкъщи става	1.0
super qk i zabaven	5.0
Много готино и свежо филмче! Определено си заслужава времето :)	5.0
хубав, интересен и забавен английски хумор , заслужава си	5.0
Филмът е ок, не се усеща как минава. Има добър екшън и е забавен.	4.0
Страхотен филм!	5.0
Страхотен!	5.0
Excellent!	5.0
Като цяло е шашава работа, но сцената в църквата кърти	4.0
Изненадващо добър.	5.0
Супер е!	5.0
Забавен филм. Тънък английски хумор и малко повече насилие.	4.0
Става за 2 часа разтуха.	5.0
Става за разтоварване :)	4.5
супер е	5.0
Не лош детски филм	4.0
mnogoo dobro filmche !!	5.0
Филмът е загуба на време и пари! Не можах да го догледам.	0.0
Сцената в църквата беше уникална.	5.0
Уникален!!!	5.0
айляшко бибрутално мятане по лентатааа... Отличен(6)	5.0
От Guardians не се бях забавлявал така на филм!	5.0
Забавен	4.0
В кръвта ми е !	5.0
Не може да има толкова глупав филм!!!	1.0
Zaslujava si!	5.0
Толкова много глупости на едно място не бях гледала!	1.0
Много забавен филм.Готин актьорски състав! Свеж хумор! Идеален за разпускане!	5.0
Най-готинят филм ,който е излизал наскоро ,има си всичко !!!	5.0
много готино филмче, въобще не усетих кога минаха два часа	5.0
забавно, кърваво, стилно, налудничево...	5.0
отново силна режисура на Вон! стилно и откачено едновременно	5.0
Много забавен и разпускащ!	5.0
Супер	5.0
Петдесет нюанса сиво	3.5	http://www.cinexio.com/sofia/movie/20128	http://www.imdb.com/title/tt2322441/	4.2
191
Страхотен филм!Не е порнография!!!Мисля,че на всяка дама ще й допадне!	5.0
Слаб филм	2.0
Доста различен от книгата (слава богу!). На мен ми хареса	4.5
Много зле.  :(	1.0
Единственото хубаво на филма е саундтракът.	1.0
Филма не ми хареса! Много слаба актьорска игра, точно 4 действия във филма за 2 часа.	0.5
Гледах го 2 пъти :) Филмът е добър, актьорската игра също, но книгата е много по-добра!	5.0
palen tashak	0.5
Боза! Не гледайте , толкова тъп филм не съм гледала до сега .	0.5
Хубав филм, но не всеки ще го разбере! А тези които го разберат ще го оценят :)	5.0
думи нямам! Толкова много секс в един филм не бях виждал. Не си хабете нервите.	1.0
Боза!	1.0
Хареса ми, не очаквах след многото лоши коментари, интересен и силен филм! Препоръчвам!	5.0
Ок	5.0
Пълен ужас. Не си заслужава.	0.5
Ужасен филм! Никакъв смисъл, и не знам каква беше цялата тази истерия.	0.5
Изключително банален филм, без никакъв замисъл и сюжет. Слаба игра от актьорите, силно предсказуем. Пълна загуба на време.	1.0
Филмът е добър.	5.0
Страхотен, не всеки би го разбрал. Само за ценители! Филма ме накара да прочета книгите!	5.0
Бих отишла още веднъж !	5.0
Пълна боза	0.5
Харесвам!	5.0
хубав е филма ,въпреки критиките...има много страст ако някой иска повече да смени жанра..	4.5
Много скучен и тъп като цяло ..	1.0
Филма невероятен. След всичките ужасни изказвания, които прочетох филма истински приятно ме изненада и очарова. :))	5.0
Наистина оригинален филм ! Заслужава си отделеното време ! Няма да съжалявате гледайте го!	5.0
Наблегнато е на интериор, актьорите не са нищо особено. Въпреки,че знаех края на първата част останах разочарована.	3.0
Аайдеее бе хора, не може да сте толкова задръстени! Филмът има добра сюжетна линия, и се изигра добре!!!	5.0
Не струва	2.0
Отврат!	0.5
Слаба боза	1.0
Priaten, no i stranen...:)	4.0
На мен пък ми хареса ......	5.0
? ? ?	1.0
Филмът е хубав, но ако не се гледа повърхностно на него..Който е очаквал чисто порно, ще остане разочарован!	5.0
хубав	4.5
Приятно изненадана съм от филма, когато имам време ще прочета и книгата! Интересен и различен.	4.0
Върнете ми парите!	1.0
Хареса ми, различен е ! :)	5.0
Няма такъв филм!......Стига да си дорасъл за него!	5.0
Много добър филм	5.0
За жалост останах разочарована от филма..	3.0
не е зле	4.0
Добър е	5.0
На мен лично ми хареса!  Гледах го два пъти.	5.0
Филма не е тъп  това че някой хора немогат да разберат смисала му техен си проблем на мен ми хареса и си заслужава	5.0
Защо сравнявате книга и филм?Разбира се че книгите са винаги по- добрите!Филмчето е добро на мен ми хареса:))	5.0
Защо не мога да дам 0......	1.0
Ако гл актьор беше бедняк и живееше в каравана този филм щеше да прилича на някоя болна фантазия.	1.0
Не съм особено очарована от филма!	3.0
50 нюанса ТЪПО!!! Ма тъпо, та тъпо...	0.5
Заслужава си!!! Определено на следващите две части няма да има деца, което да пречат на другите да гледат. 6+!!!	5.0
става	3.0
Уникална книга,филма не става!!!Много неща са спестени,разочарована съм !!!	1.0
Не е лош. Забавен и ненатоварващ. Постарали са се, вложили са ресурси.	3.5
Само за ценители! ;)	5.0
На никой не пожелавам такъв груб и съдистичен гаден мъж!Иначе филма е добър!	1.0
Става за хора с извратена сексуална представа..	4.0
хареса ми,	4.0
Добър е , но нещо не му достига....	4.0
Слаб	0.5
Аз не съм чела книгага, но филмът много ми хареса! Нека всеки го оцени сам за себе си, а не да слуша хорското мнение! ;)	4.5
Много слаба игра от страна на дамата! имаше някакъв замисъл, но са наблегнали на глупостите общо взето!	2.0
Под всякакъв рейтинг	1.0
Можеше и повече ! Книгата си заслужава повече от безумния край !	3.0
Забавен е! Хубаво е да го гледате с любимия човек ;)	5.0
Изкуствена игра, актьорите имат сериозна нужда от епилация, не ми хареса екранизацията. Книгата е много по-интересна и вълнуваща. Аз	3.0
I'm inlove ❤❤❤	5.0
Въобще не ми хареса!	1.0
filma e mnogo hubav, nqma smisul ot negativnite komentari qvno prosto ne e za vseki :)	5.0
Много добър.  Заслужава. Красиво направен. И много сексуален)))	5.0
ne e tolkova qk kolkoto e gledan	3.0
По-голяма простотия не бях гледах!!!	0.5
Не е толкова тъп колкото го изкарват! Става, очаквам втората част.	4.0
Unikalen film	5.0
Сравнително добра екранизация на първата част от трилогията,макар че са пропуснати ключови моменти...Уникална актьорска игра на Дакот	5.0
Очаквах повече	3.0
Слаба екранизация.Рядко си позволявам да коментирам филми, но този определено не заслужава шумът, който се вдига около него!	3.0
По-дълъг от необходимото. Не разбрах жанра, сигурно е комедия, защото залата се смееше, или е заради актьорската игра?	3.0
Уникален!	5.0
Много ми хареса.	5.0
Категорично...	5.0
Филма беше страхотен,забавлявах се от сърце.няма как да е едно към едно с книгата.приятно ме изненада Дакота	5.0
Очаквах повече.. :)	3.0
Филмът е много хубав. настрана от сексуалните сцени, кара те да се замислиш над героите. играта много добра, особено мъжката роля.	4.5
невероятен	5.0
Не е това, което очаквах. Актьорите не успяха да ме разчувстват, така както актьорите от Здрач!	4.0
0,5 от мен, защото няма опция -50. по-абсурден "филм" скоро не бях гледала, но каквато книгата-такъв и филма	0.5
Филмът надмина очакванията ми. Страхотно изпълнение, безупречна актьорска игра, чудесна екранизация на книгата.	5.0
Страшно прехвален филм!	2.0
Филма е изцяло по книгата, определено можеха и по-добре да играят, нещо липсваше. Не бих гледала следващите два!	3.0
уникален	5.0
Филма е много приятен.	5.0
Извратено е...МНОГО..	0.5
Книгата е много по добра,но и филма си го бива!!!Супер е....	5.0
Хареса ми филма,но все пак книгата е много по-интересна:))	4.0
По- тъп и от книгите, а да не говорим, че за обезкосмяване не са и чували	1.0
Не ми хареса. Нещо му липсва.	2.0
Дори не знам от къде да започна.. силно разочарована съм, хора които не са чели книгите биха оценили филма, на мен не ми хареса.	3.0
Много добра актьорска игра! Доста неща от книгата са изрязани, но няма начин. Хареса ми!	5.0
Нищо кой знае какво,но все пак е само върху първата  част.Който не е чел книгите,няма смисъл да го гледа.	4.0
Крайно тъп! Първите 30 мин. Са интересни, след това се повтаря една и съща боза до края и края е много зле.	1.5
филмът е много добър и интересен и това ще е мнението на всички хора които са освободени и дори извратени в леглото	5.0
Да книгата е доста по-подробна - нормално, но на мен и филмът ми хареса! От мен много добре!	5.0
За съжаление много слаба актьорска игра, както и сериозни пропуски от книгата! Края беше убийствено тъп.. По-добре си четете книгите.	2.0
не си заслужава парите!!!	0.5
mnogo tup film	0.5
Не всеки може да прави филм по книга! Освен това-слаба актьорска игра!	4.0
Като се абстрахирам от книгата, която е с много детайли, филмът си беше Добър	5.0
Страхотен филм! Заслужава си гледането:)	5.0
Хареса ми :) мисля още веднъж да отида да го гледам :)	5.0
Притупан сюжет.  Става за убиване на време.	3.0
Хареса ми! Много добра игра на актьорите! От трейлъра мислех, че не са подходящи, но останах приятно изненадана!	5.0
Книгата е по-добра, но все пак :)	4.0
Ужасен, нямам думи колко претупан и смешен филм	1.0
Супер пародия! Пo добре да си бях пуснал "Първичен инстинкт" oт 1992г. Тoй пoне е 10 пъти пo добър	1.0
Можеше и по-добре!	4.0
Трейлър на книгата е най-точното определение. Не си губете времето.	1.0
Филма ми хареса.	4.0
Заслужава си да се гледа!	4.5
<3	5.0
Става.	3.0
ужасен избор на актьори.филма-трейлър на книгата,откъснати моменти събрани без никъв смисъл и връзка между тях!много шум за нищо ...	2.0
Ужасно слаби актъори, историята е накъсана и липсват важни моменти от книгата!	0.5
Нищо общо с книгата ....трейлър с накъсани сцени и ако не си чел книгата филма няма никакъв смисъл :(	2.0
Много зле... Един много безсмислен филм. Човек който може да каже че филма е хубав явно сериозно не разбира от филми...	1.5
Естествено, че книгата е по-добра, но аз съм приятно изненадана и от филма! Саундтрака е убийствен-Beyonce i The Weekend :)	5.0
Браво!!! Много добре са предали съдържанието от кмнигата!	5.0
Неподходящи актьори, не пасват по никакъв начин на филма.Играта беше доста слаба. Ключовите моменти от книгата не фигурират във филма	0.5
Определено си заслужава !!!	5.0
Знаех, че ще е боза, но чак пък толкоз...	1.5
Няма такъв смях!!! :D объркали са жанрът	1.0
Рядко глупав и извратен филм. Опитва се да провокира, но при мен поне нещо не се получи. Тотална двучасова скука.	1.0
Много слаба актьорска игра, като цяло не ме заинтригува.	1.0
Слаб	1.0
Разочароващ, изключително плоско изпълнение	1.0
много много дълъг филм	0.5
Разочароващо слаб !	1.0
Чуйте ме, мъже! Опитвам се да ви предпазя....	1.0
Скучен! И актрисата ми идва леко непривлекателна!	2.5
Хареса ми, изненада ме приятно.... Голям критик това българина, боже боже, не знам какво очакват, филма СТАВА	5.0
Iznenada me!	4.5
много добър!!!!	5.0
I like it, but the book is better	4.0
Ужасен избор на актьора, изпълняващ главната роля. Много слаба екранизация	2.0
Вълнуващ, чувствен, секси. И все пак... какво ли не правят жените заради мъжете; )	5.0
Много софт	2.0
Уникален филм!	5.0
Филмът не е това, което очаквах. Имаше смисъл и не беше толкова повърхностен. Като цяло е приятен за гледане.	5.0
По-добре си беше книгата	2.0
I want my money back!	1.0
Well done	4.0
много ми е интересно при наличието на толкова порно канали за какво подяволите си правите труда да гледате филма	1.0
Меко казано тъп филм!	1.0
Слабо...	2.0
Много слаб филм	1.0
Безумно слаба екранизация.По-добре посетете pornhub и се задоволете....С по-добри продукции :D	1.0
Страхотен филм, но за гледане в домашна обстановка!	5.0
Не всеки ще разбера филма. Но за мен той е разтърсващ .Държи те в напрежение през цялото време !	5.0
Просто стрaхотен!!! Нaдминaвa всички очaквaния и много добре следвa книгaтa!! Е, единствено Грей не е толковa студен..	5.0
Доста добър филм, не е за прости хора!	5.0
Невероятен филм! Хората чели книгата ще открият доста моменти които не са екранизирани, бих дала безброй звезди	5.0
Хареса ми...	5.0
Прекрасен филм! Браво за актьорите! Дакота Джонсън е толкова сладка-точно както описват Анастейжа в книгата!	5.0
Очаквах повече,нищо общо с книгата...Дано другите филми са по добри...	2.0
Не беше лош. Чакаме 2-ата част!	4.0
Милярдер с...аудита слаба работа	4.5
Нестандартна и интригуваща история.	4.0
Добър диалог. Другото е... става.	2.0
dobre zasnet film. mnogo malko sex :D	3.5
boza	1.0
РАЗОЧАРОВАН ! ! !Очаквах главната геройня да е  по-надарена.	3.0
Очаквах повече... претупаха нещата. На пък трилогията ми хареса.	4.0
По-слаб филм не бях гледал много отдавна. Бях решил да опитам да прочета книгата, но след филма надали...	0.5
На мен ми хареса! Сантиментално забавен! Само от Крисчън съм много разочарована!	5.0
Много слаб...	1.0
Една от книгите, които НЕ БИВА да се екранизира...	2.0
Става.	4.0
Много ми хареса!!!	5.0
много ми хареса	5.0
Безвъзвратно загубени 2 часа! Филм без никакво развитие! Ако сте момиче на 17 евентуално може и да ви хареса...	1.0
филма е добър	5.0
Добър е! Заслужава си... Съвременна приказка за Пепеляшка  ! Ще чакаме продължението! Книгата е по-добра обаче!	5.0
Xorata koito sa cheli knigata 6te ostanat razocharovani.Inache filma stava no preporuchvam knigata	3.0
Имах много по-големи очаквания от филма. И все пак книгата си остава в пъти по - добра от филма.	2.5
Филма беше просто НЕВЕРОЯТЕН!Нямам търпение да филмират 2 част!Изключително умерен и комерсиален!	5.0
Бих дал - 1 стига да имаше такава опция!	0.5
Пълен боклук... Както и романа_  третокласен опит за порно... Но нескопосан... Овцете от стадото просто не мислят.... Простотия.	1.0
Bylvoch	1.0
5тица без да съм го гледал хаха	5.0
Останах доволна. Филмът предизвиква хората, които не са чели втората част да я прочетат. На мен ми хареса много!	5.0
Все още Алис	5.0	http://www.cinexio.com/sofia/movie/23614	http://www.imdb.com/title/tt3316960/	7.5
3
Това означава да играеш за Оскар...даже някой наши родни актьори бяха в залата да се поучат. :)	5.0
Прекрасен филм... Не, УНИКАЛЕН филм. Великолепна Джулиън Мур, повече от заслужен Оскар.	5.0
Много силен. Прекрасна Джулиан Мур.	5.0
Спонджбоб: Гъба на сухо	2.9	http://www.cinexio.com/sofia/movie/20131	http://www.imdb.com/title/tt2279373/	6.6
28
Очакванията ми бяха малко по-големи. Децата обаче се забавляваха,затова давам по-висока оценка (все пак филмът е детски)	4.0
Много скучен	0.5
Незнам как е възможно да допускат такива филми до киносалоните... Голяма боза!	0.0
Сладък, но на моменти скучен.	3.0
Много зле, пълен минус!	0.5
ужас	0.5
Забавна анимация ;)	5.0
super	5.0
Пълни глупости.	1.0
Доста скучен за родители!! Синът ми каза "горе долу става".	2.0
на дъщеря ми много и хареса	5.0
Mn skuchen za roditelite!	1.0
Много готин филм	5.0
само за деца	5.0
Невъзможно слаб дублаж! Филма става ако нямате големи очаквания, но с дублажа просто са го съсипали	0.0
abe na momenti qko smeh na drygi prosto se chydish kvo stava....	3.0
Страхотен	5.0
Без коментар.... ужад	1.0
Филмът е абсолютна комерсиална безсмислица, но на децата им харесва :(	1.0
Голям смях беше с тая Гъба :d! Хубав си е филма.	5.0
Малко скучен дори за децата	3.0
най-тъпия филм правен някога ，трима човека в киното умряхме от простотия	1.0
Очаквах повече,на моменти чак дразни...	1.5
Едвам го изтърпях, но на детето му хареса.	1.0
На децата филма много им хареса	4.0
Малко муден на моменти.	3.5
Oтвратителнo смятан,глупав и безсмислен филм....	1.0
Уникален!!!! :))	5.0
Търсачът	4.3	http://www.cinexio.com/sofia/movie/23603	http://www.imdb.com/title/tt3007512/	7.9
21
6	5.0
Хубав филм! Добре направен,уникална игра и невероятно послание!Ръсел Кроу е велик!	5.0
Очаквах повече, има някои силни моменти, но уви... не ме грабна толкова	2.5
slab film	1.0
!	3.5
Не е зле, но не е нещо супер впечатляващо :)	3.0
Започва мудно, но е много добър!	4.5
Великолепен! Създаден по действителни събития! Ръсел Кроу за пореден път ме впечатли! Не пропускайте този филм!!!!	5.0
нищо особено...	3.0
Уникален!Поздравления за Ръсел Кроул и екипът му...още една уникална човешка история показана по прекрасен начин!	5.0
Нищо особено, но хубав филм.	4.0
Хубав филм. Заслужава си, както всички филми с Ръсел Кроу!!!	5.0
Zaslujava si!	5.0
хубав филм, но имам въпрос... турчин ли е сценариста? Който го гледа ще разбере какво имам в предвид...	4.0
Мнoгo добър филм.	5.0
Много добър филм	5.0
Изключително слаб, ниско бюджетен филм. Загубено време.	1.0
Много добър!	5.0
Много добър филм.	5.0
Тежък , но изключителен филм!	5.0
Невероятен филм!	5.0
Американски Снайперист	4.4	http://www.cinexio.com/sofia/movie/19579	http://www.imdb.com/title/tt2179136/	7.4
80
Strahoten film!	5.0
Neveroiaten film	5.0
Уникален!	5.0
Edin ot malkoto hubavi filmi naposledyk!	5.0
Хубав е филма!!!Браво!!!	5.0
Много ми хареса филма.	5.0
филмът си заслужава .някой ще каже ,че е поредната американска пропаганда и може да е прав ,но не го гледайте от тази гледна точка .	5.0
Заслужава си!	4.5
Добър е!	4.5
Добър екшън!	5.0
strahoten film  :)	5.0
Хареса ми	5.0
Не ме впечатли.	3.0
Great movie , watch it	5.0
Филмът става, краят беше просто супер малоумен...	3.0
Тъжен е, но това е истинска история! Животът не е само с happy end..	3.5
Очаквах повече	4.0
добре, че го бастисаха накрая, че да се спре с тая пропаганда.. ;)	3.5
Не лош филм като цяло. Налично е разбира се отново американското пречупване на нещата.	3.0
Силен и интригуващ.  Уникална история за американския патриотизъм ,и събитията след 11септември.Препоръчвам!	5.0
Доста тъжно :(	5.0
Стрсхотен филм! Препоръчвам! Малко от хубавите филми напоследък.	5.0
Клинт Истуд е на висота, както винаги! Военните му филми са класика.	5.0
Гледайте го, няма да съжалявате...	5.0
Страхотен филм...	5.0
Клинт.	4.5
Стойностен филм! Има много силни моменти,които подсилват човешката история. Гледайте го, заслужава си!	5.0
Хубaв, реaлен и стойностен филм. Зaслужaвa си	4.5
Mnogo zle	1.0
Страхотен филм	5.0
Добър филм ...Клинт Истууд няма лош филм....	5.0
Много добър филм. Просто ни е далечен Американския патриотизъм.	4.0
Добър е филма, натежава това, че е по истински случай, но все пак е американски.	4.5
Силен, затрогващ, вълнуващ! Филм, доказващ за пореден път силата на американския патриотичен дух. Препоръчвам!	5.0
mnogo dobre napraven film	4.5
Много зле, може би най-слабият филм на Клинт Ийстууд.	1.0
Страхотен филм!	5.0
Типична Американска история	4.0
Филмът е добър но не е за жени и хора със слаби сърца :). Има доста убийства	4.0
great movie.	5.0
Още един жесток филм на Икстууд. Не го препоръчвам на някой, който мрази Америка, но го препоръчвам на всеки друг.	5.0
изключителната проява на наглост ма хамериканците възпята в крайна пропаганда...	0.5
Много ми хареса.	5.0
Много хубав и стойностен филм!	5.0
Кара те да се замислиш....	5.0
Филмът си е добър. Патриотизмът може да дразни някои, но янките ги възпитават по този начин. Въпрос на ценности.	5.0
Филма си заслужава 5-те звезди ! ! !	5.0
Заслужава си филма.	5.0
Всичко което може да иска, един любител на снайперите и оръжията като цяло.	5.0
American story for American sniper	3.5
Много ми хареса, струва си	5.0
изключително интересен филм !!! препоръчвам !!!	5.0
Не е нещо, което не сме гледали, но все пак е едно от най-доброто от началото на 2015	4.0
Много хубав филм!  Заслужава да се види!	5.0
Жесток филм ! И отново невероятниия Клинт Ийстууд	5.0
Страхотен!	5.0
добър сценарий но нещо неможа да ме хване ...	3.0
Пропаганда	1.0
Ye #zF i#	2.0
Много силен!	5.0
не е кой знае какво	4.0
Страхотен! Препоръчвам!	5.0
Страхотен филм! По истински случай!	5.0
може да се изтърпи до края :)	2.0
Определено не си заслужава да се гледа на кино.	2.5
Филма е хубав! Заслужава си!	5.0
hubav film	4.0
На моменти зацикля но като цяло не е лош филм.	3.5
Чудесен!	5.0
Много хубав филм.	5.0
Много добър филм! Браво, заслужава си и определено бих го гледала пак!	5.0
Много хубав филм и силно препоръчвам. Няма точно пропаганда и със сигурност тя не е основна.	5.0
Става, Хамериканците са дъ бест, хаха	3.0
Уникален филм!Единственото което не ми се понрави беше американдката пропаганда, но филма като цяло, а и като актьорска игра е велик!	5.0
брадли купър - дано не свали килограмите, много му отива така !	5.0
Супер, само не ми допада пропагандата.	4.0
Филма е много хубав.	5.0
Насъбират се доста забелешки но все пак трябва да се гледа	3.0
Уникален филм!	5.0
Много добър филм,заслужава си!	5.0
Трасьори	3.7	http://www.cinexio.com/sofia/movie/22601	http://www.imdb.com/title/tt2401097/	5.3
14
Не е крайно лош.	4.0
Толкова от мен	4.0
Малко скучно беше...	2.0
Добро филмче заслужава си :)	5.0
Не е wow, но има динамика. Предвидим край, но е приятен за гледане.	4.0
На мене ми хареса филма.Има доста динамика.Актьорите не са известни, но според мене играха добре.Нещо по различно е.Заслужава си!	4.5
Бива!	5.0
Нее с известни актьори но мен не ме разочарова ! Можеби защото не очаквах кой знае кво	5.0
Hubav film	5.0
gledah go v zamunda ! Haresa mi,no ne e bishto usobeno	5.0
Не го гледайте!В никакъв случай!	0.5
замунда даже го има бива си го	4.5
Хубав филм но странно защо го има в замунда преди да е в кината :))))	5.0
Хубав филм гледайте го	5.0
Фокус	4.7	http://www.cinexio.com/sofia/movie/20571	http://www.imdb.com/title/tt2381941/	6.8
12
Вълнува до край!	5.0
Страхотен филм!	5.0
Ужасно добър !!!! Половината стояхме прави а другата половина от киното стоеше на ръбъ на седалките	5.0
Става...	3.0
Страхотен филм, интересен до самия край! Заслужава си.  Уил Смит е на ниво както винаги.	5.0
Не е лошо филмчето, много добра актьорска игра, но иначе не е кой знае какво. Приятно за гледане и ненатоварващо.	3.0
супер филм:)	5.0
Уникален, различен, непредсказуем!	5.0
Много е объркващ	5.0
иска ми се да сложа поне 10 звезди :)	5.0
Имаше много забавни сцени и диалог обаче в комбинация с повърхностен сюжет. Супер кастинг за актьори.	4.0
Доста добър филм. Държи те в напрежение през цялото време !	5.0
Несломен	4.5	http://www.cinexio.com/sofia/movie/20133	http://www.imdb.com/title/tt1809398/	7.1
30
Добре режисирана и екранизирана житейска история.....	4.5
Очакваш нещо и накрая нищо	3.0
Уникален!	5.0
Джоли е на ниво,както винаги!Заслужава си!	5.0
Филма е невероятен.	5.0
Dobra ideq, no zle realizirana! Angelina ima oshte kakvo da uchi, otnostno rejisurata.	3.0
Този филм е толкова въздействащ! Силата на човешкия дух! Несломим! Точно в стил Анджелина Джоли! Възхитена съм!	5.0
Невероятна история, за силата на човешкия дух.	5.0
Бива,въпреки че очаквах да е по-въздействащ-явно съм загрубял:)	3.0
Добър е. Гледайте го!	4.0
Супер филм смислен е !	5.0
Филмът определено си заслужава-като цяло има мн по-въздействащи филми, но три четири сцени са съсипващо добри!	4.5
Силен филм!	4.5
Очаквах повече! Джоли има какво още да научи!	4.0
Всички са жертви при война. Филма има достойнства.	4.0
Прекрасен филм!!!Най-въздействаща е последната минута.	5.0
Толкова силен екип и толкова слаб филм. Пълен провал за Джоли, като режисьор.	1.0
Филмът е страхотен! Адмирации и за Джоли като режисьор! Горещо го препоръчвам!	5.0
Историята е стандартна ,не е нещо нечувано , но филма е доста добър!	4.0
Уникален филм!!! С много силно послание.	5.0
става, но е за домашно гледане	3.0
Определено си заслужава ! Много добър филм :)	5.0
Добра история, но разказана по не особено въздействащ начин. Джоли има какво да научи.	2.5
Сила!	5.0
Уникален!	5.0
Филмът е добър.	4.0
Хубав филм на Джоли, сюжетът и персонажите бяха много интересни. Не е филм с типичен блудкав американски национализъм. :)	4.0
Браво! Уникален филм!	5.0
Не достатъчно драматично разказана human storry. Лично очаквах повече.	3.0
Невероятен филм	5.0
Среднощно преследване	4.6	http://www.cinexio.com/sofia/movie/22319	http://www.imdb.com/title/tt2199571/	7.3
8
Става филма, Лиъм Нийсън пак ги наказва този път заради сина си :)	3.5
Добър е, гледайте!	3.5
Интересен сюжет (много в стила на Taken), заслужава си гледането!	5.0
Много сила все пак Лиам Нийсън	5.0
Много хубав!	5.0
Филмът държи под напрежение през цялото време.	5.0
Много хубав филм	5.0
Ниъм Нийлсън тново ме изкефи. Гледайте го !	5.0
ЧАПИ	4.3	http://www.cinexio.com/sofia/movie/21052	http://www.imdb.com/title/tt1823672/	7.3
33
страхотен филм	4.0
УНИКАЛЕН!!!	5.0
Страхотен филм	5.0
Страхотен!	5.0
Свежа идея, но не оправдава очакванията.	3.0
Интересен сай-фай екшън.	3.5
много добър! заслужава си гледането!	5.0
Не е за вярване, че всеки път е по- добре... district 9 ... get recked by this movie! Страхотен, докосващ и те кара да се замислиш!	5.0
mnogo dobar	5.0
super	5.0
Сладък филм, но му трябва още малко, за да е наистина силен.	3.0
Изключителен. Различен. Вълнуващ. Не е за лица под 18год.	5.0
Много добър!	5.0
Елизиум ми хареса повече	3.5
Много добър филм! Ако се кефите на district 9 и Илизиум, този няма как да не ви хареса :)	5.0
уау не очаквах да е толкова зле...	2.0
Филмът е с добър замисъл! Заслужа ва си :)	4.0
Филмът е добър	5.0
Уникален филм !	4.5
Приятен филм, става за убиване на време.	4.0
има смисъл,  хареса ми	4.0
Супер	5.0
Страхотно филмче ☺	5.0
Само заради второстепенните актьори. Слаб като цяло, но невероятна атмосфера	3.0
Добро начало и... След това големи глупости...	2.0
Уникален !	5.0
Изключителна боза! Има някаква автентичност в слабоумните гангста стайл бандюги на Джобург,  но останалото е обида за интелекта!	2.0
Много ми хареса! Заслужава да се гледа.	5.0
Готин филм. Хареса ми.	4.5
Страхотен замисъл	5.0
В случай, че имате излишни два часа, може да се гледа. Нищо особено.	3.0
Хм... Интересен край, но като цяло не много добър	2.5
Не оправда очакванията ми. Добър замисъл. Лесно предсказуеми ситуации.	2.5
Пепеляшка	4.6	http://www.cinexio.com/sofia/movie/20987	http://www.imdb.com/title/tt1661199/	7.9
12
Сигурно ще бъде забавен. Имам питане - със субтитри ли е, че малката ми дъщеря все още не може да чете, а харесв Пепеляшка	5.0
Доста приятно филмче. Много хубаво за убиване на време и разтоварване.	5.0
Страхотно пресъздаване на приказката!	5.0
Хубав филм!	5.0
gotina prikazka :)	5.0
Чудесна приказка, успя да ме развълнува и върне в детските години :) и на децата много им хареса!	4.0
Приказен, вълнуващ, перфектен!	5.0
Прекрасно филмче...връща в детските години! Препоръчвам го на всеки :)	5.0
Edna priqtelka me dovleche na filma. izobshto ne ochakvah neshto interesno, no filmat beshe strahoten, mn qk. naistina si zaslujava.	5.0
много приятно филмче :-)	5.0
Много е добър филма. Не вярвах, че ще я пресъздадат без да пропуснат нещо.	5.0
много хубав филм   засложава  един милион точки	5.0
